# compound id (and file prefix),SMILES,iupac name (or alternative if IUPAC is unavailable or not parseable by OEChem),experimental value (kcal/mol),experimental uncertainty (kcal/mol),Mobley group calculated value (GAFF) (kcal/mol),calculated uncertainty (kcal/mol),dG (CgenFF) lrc,std (CgenFF),dG (corrected),Crooks correction,error,Exp,MM-ASFE,MM-ASFE-err,ML-ASFE,ML-ASFE-err
mobley_4587267,C([C@H]([C@H]([C@@H]([C@@H](CO)O)O)O)O)O," (2R,3R,4R,5R)-Hexan-1,2,3,4,5,6-hexol",-23.62,0.32,-18.16,0.09,-18.14,0.52,-23.96,-6.45,0.49,-23.62,-18.43358562,0.1150062832,-26.1820681,0.586675592
mobley_3210206,C[C@@H](CO[N+](=O)[O-])O[N+](=O)[O-]," 1,2-dinitroxypropane",-4.95,0.1,-5.65,0.04,-3.59,0.49,-6.68,-3.59,0.41,-4.95,-5.05606933,0.04610711869,-7.848750439,0.8172643004
mobley_3201701,Cc1c(nc(nc1OC(=O)N(C)C)N(C)C)C,pirimor,-9.41,1.93,-13.87,0.04,-12.37,0.16,-14.27,-2.83,0.06,-9.41,-12.00990632,0.04727668823,-12.30325843,0.06060878954
mobley_3259411,C(C(CO)O)O,glycerol,-13.43,1,-10.14,0.04,-11.51,0.07,-13.22,-2.02,0.19,-13.43,-11.2753898,0.0536092035,-12.61695865,0.1245992005
mobley_8057732,c1cc(cc(c1)Cl)O,3-chlorophenol,-6.62,0.6,-5.02,0.03,-5.22,0.04,-6.49,-1.68,0.05,-6.62,-5.797974809,0.03072134608,-6.201853487,0.04777492224
mobley_1944394,CN(C)CCOC(c1ccccc1)c2ccccc2,[2-benzhydryloxyethyl]-dimethyl-amine,-9.34,0.62,-7.87,0.06,-4.69,0.4,-5.28,-1.56,0.12,-9.34,-7.580423411,0.05331764683,-8.809338722,0.1021611763
mobley_2316618,c1ccc2c(c1)C(=O)c3cccc(c3C2=O)NCCO," 1-(2-hydroxyethylamino)-9,10-anthraquinone",-14.21,1.1,-13.6,0.05,-13.41,0.54,-13.86,-1.44,0.12,-14.21,-13.77737875,0.06979076436,-15.02081273,0.1586329914
mobley_9257453,c1cc(c(cc1O)Cl)Cl," 3,4-dichlorophenol",-7.29,0.1,-5.14,0.03,-5.53,0.06,-6.37,-1.32,0.06,-7.29,-5.750670951,0.03212584854,-5.863974652,0.04544611642
mobley_8449031,CCN(CC)CC," N,N-diethylethanamine",-3.22,0.6,-1.96,0.03,-1.91,0.37,-2.72,-1.21,0.09,-3.22,-0.4816972907,0.03116636893,-1.966562898,0.04830314706
mobley_2126135,CCc1ccccc1O,2-ethylphenol,-5.66,0.1,-4.77,0.03,-3.55,0.05,-4.27,-1.2,0.06,-5.66,-4.644223313,0.03431908006,-6.175945223,0.1022021249
mobley_1244778,C1CCCC(CC1)O,cycloheptanol,-5.48,0.6,-4.34,0.03,-3.94,0.06,-4.71,-1.19,0.07,-5.48,-4.241572011,0.03244640024,-4.341368606,0.04303259242
mobley_3359593,CCCc1ccc(c(c1)OC)O,4-propylguaiacol,-5.26,0.18,-4.13,0.05,-3.92,0.16,-4.36,-1.07,0.04,-5.26,-4.498239695,0.04687697261,-4.386494806,0.05316859813
mobley_7176248,CCCN(CCC)c1c(cc(cc1[N+](=O)[O-])C(F)(F)F)[N+](=O)[O-],trifluralin,-3.25,0.1,-2.02,0.04,-7.42,0.19,-7.34,-1.01,0.12,-3.25,-2.092949846,0.04510431123,-2.322323764,0.1497982522
mobley_5917842,Cc1ccc(c(c1)OC)O,4-methyl-2-methoxyphenol,-5.8,0.1,-4.55,0.04,-4.36,0.19,-4.83,-0.98,0.03,-5.8,-4.803337378,0.04339468791,-4.710531334,0.04631904192
mobley_5076071,CCN(CC)c1c(cc(c(c1[N+](=O)[O-])N)C(F)(F)F)[N+](=O)[O-]," 1-N,1-N-diethyl-2,6-dinitro-4-(trifluoromethyl)benzene-1,3-diamine",-5.66,1.93,-7.5,0.04,-9.96,0.18,-9.87,-0.97,0.07,-5.66,-8.398539065,0.04736022018,-8.325904643,0.08905982373
mobley_6190089,C(C(Cl)Cl)(Cl)Cl," 1,1,2,2-tetrachloroethane",-2.37,0.1,-0.53,0.03,-0.68,0.19,-1.23,-0.97,0.03,-2.37,-0.355993413,0.02627625524,-0.9925905559,0.04582559012
mobley_2958326,CCCNCCC,N-propylpropan-1-amine,-3.65,0.6,-2.23,0.03,-1.21,0.09,-1.64,-0.8,0.12,-3.65,-1.55830625,0.03439623837,-1.88882961,0.04743665773
mobley_3843583,c1ccc2c(c1)cccc2N,naphthalen-1-amine,-7.28,0.6,-7.78,0.03,-5.96,0.05,-6.11,-0.75,0.01,-7.28,-8.22024816,0.03374167211,-9.003412212,0.03827911898
mobley_5282042,CN(C)CCC=C1c2ccccc2CCc3c1cccc3,Amitriptyline,-7.43,0.6,-7.35,0.05,-6.16,0.46,-5.7,-0.69,0.2,-7.43,-6.93034426,0.05106554615,-8.33208595,0.1534373952
mobley_337666,c1c(c(=O)[nH]c(=O)[nH]1)F,5-fluorouracil,-16.92,0.88,-16.37,0.03,-14.91,0.07,-15.16,-0.68,0.01,-16.92,-16.16984629,0.03350154653,-16.27515043,0.03735877025
mobley_5518547,Cc1ccc(cc1)N,4-methylaniline,-5.57,0.6,-5.49,0.03,-4.29,0.07,-4.44,-0.6,0.01,-5.57,-5.70643575,0.03044137045,-6.380531437,0.03334604055
mobley_7039935,c1ccc2c(c1)cccc2O,naphthalen-1-ol,-7.67,0.6,-7.14,0.03,-6.27,0.1,-6.29,-0.59,0.04,-7.67,-7.971050762,0.03478374134,-9.261302678,0.09817870479
mobley_1235151,CCCCC[N+](=O)[O-],1-nitropentane,-2.82,0.6,-1.32,0.03,-5.71,0.07,-5.84,-0.58,0.03,-2.82,-1.403264608,0.02977480048,-1.435345864,0.07436672921
mobley_7142697,CCCCCN,pentan-1-amine,-4.09,0.6,-2.83,0.03,-1.07,0.05,-1.3,-0.54,0.03,-4.09,-2.298420985,0.03147567369,-2.777692874,0.06313469591
mobley_6082662,c1cc(ccc1N)N(=O)=O,4-nitroaniline,-9.82,0.1,-9.42,0.03,-7.06,0.1,-7.08,-0.54,0.02,-9.82,-9.590006207,0.03187185914,-10.35927103,0.03521451076
mobley_718988,CCCCCCCN,heptan-1-amine,-3.79,0.6,-2.55,0.03,-0.82,0.08,-0.91,-0.52,0.03,-3.79,-2.315174228,0.03543944008,-2.849980611,0.06556893706
mobley_2023925,[C@@H](C(F)(F)F)(OC(F)F)Cl," 2-chloro-2-(difluoromethoxy)-1,1,1-trifluoro-ethane",0.1,0.6,-1.16,0.03,-3,0.16,-3.1,-0.44,0.02,0.1,-0.9908588702,0.03057208921,-0.5930867774,0.0783613304
mobley_7758918,CCC(=O)O,propionic acid,-6.46,0.6,-9.09,0.03,-4.26,0.22,-4.46,-0.44,0.02,-6.46,-6.44566969,0.02763623375,-6.43941567,0.0326222568
mobley_2929847,CC(C)CC(=O)O,3-methylbutanoic acid,-6.09,0.6,-8.84,0.03,-4.58,0.08,-4.68,-0.44,0.03,-6.09,-6.139825813,0.03313773512,-6.149263007,0.04278957327
mobley_3144334,Cc1ccc(c(c1)O)C," 2,5-dimethylphenol",-5.91,0.6,-5.01,0.03,-4.29,0.13,-4.2,-0.42,0.03,-5.91,-5.381724583,0.03238493588,-5.344533995,0.03834837127
mobley_8426916,CCNCC,N-ethylethanamine,-4.07,0.6,-2.99,0.03,0.03,0.1,-0.11,-0.4,0.08,-4.07,-2.131287781,0.02739074852,-2.655411199,0.03178723683
mobley_6060301,CCCCCCN,hexan-1-amine,-3.95,0.6,-2.77,0.03,-0.92,0.08,-0.94,-0.4,0.04,-3.95,-2.442105291,0.03328262299,-2.973072401,0.04875699045
mobley_4035953,Cc1ccccc1O,o-cresol,-5.9,0.2,-5.08,0.03,-4.41,0.04,-4.39,-0.39,0.03,-5.9,-5.546761234,0.03010622846,-5.53276584,0.03510838694
mobley_8207196,CCNc1nc(nc(n1)Cl)NCC,simazine,-10.22,0.1,-10.91,0.04,-0.9,0.07,-0.69,-0.38,0.03,-10.22,-11.40759993,0.04592453759,-11.68639025,0.1199998116
mobley_6201330,CCCOC(=O)c1ccc(cc1)O,propyl paraben,-9.37,0.22,-8.95,0.04,-7.4,0.13,-7.1,-0.36,0.02,-9.37,-9.808321531,0.04033936402,-9.486410586,0.04406443351
mobley_5510474,c1ccc2c(c1)Oc3c(c(c(c(c3Cl)Cl)Cl)Cl)O2," 1,2,3,4-tetrachlorodibenzo-p-dioxin",-3.81,0.14,-2.77,0.04,-2.75,0.06,-2.18,-0.35,0.03,-3.81,-3.489134003,0.03921183626,-3.616367441,0.04336835169
mobley_550662,CC(OC)(OC)OC," 1,1,1-trimethoxyethane",-4.42,0.6,-3.7,0.04,-2.98,0.14,-2.96,-0.35,0.05,-4.42,-4.176569411,0.03237367466,-4.411236098,0.05634141643
mobley_6266306,C1CNC1,azetidine,-5.56,0.6,-3.86,0.02,-3.1,0.02,-3.22,-0.34,0.02,-5.56,-4.232115529,0.02392251576,-3.988968067,0.03064229061
mobley_4609460,CCOC(=O)c1ccc(cc1)O,ethyl paraben,-9.2,0.3,-9.54,0.04,-7.53,0.05,-7.3,-0.34,0.02,-9.2,-10.090287,0.03691151525,-9.795662675,0.04021628081
mobley_8827942,c1ccc2c(c1)Oc3c(cc(c(c3O2)Cl)Cl)Cl," 1,2,4-trichlorodibenzo-p-dioxin",-4.05,0.1,-3.16,0.04,-2.77,0.07,-2.26,-0.34,0.02,-4.05,-3.934162253,0.03782623251,-4.073783019,0.04118563995
mobley_7860938,CCCCNCCCC,N-butylbutan-1-amine,-3.24,0.6,-2.08,0.03,-0.91,0.13,-0.74,-0.33,0.12,-3.24,-1.405866232,0.03808076808,-1.454734368,0.06756864778
mobley_1571523,Cc1cccc(c1C)O," 2,3-dimethylphenol",-6.16,0.6,-5.15,0.03,-4.33,0.1,-4.19,-0.33,0.02,-6.16,-5.549961676,0.0328438912,-5.564608239,0.03704356095
mobley_6006813,CCCC[N+](=O)[O-],1-nitrobutane,-3.09,0.6,-1.45,0.03,-5.81,0.13,-5.74,-0.31,0.02,-3.09,-1.54006321,0.02743431959,-1.441598825,0.07228396744
mobley_6743808,Cc1ccc(cc1C)O," 3,4-dimethylphenol",-6.5,0.6,-5.47,0.03,-4.96,0.08,-4.76,-0.3,0.01,-6.5,-5.859033244,0.0331953661,-6.254475728,0.04973409781
mobley_9671033,CCC[N+](=O)[O-],1-nitropropane,-3.34,0.6,-1.63,0.02,-5.99,0.07,-5.93,-0.27,0.02,-3.34,-1.690749485,0.02542442294,-1.808541649,0.05341088155
mobley_9624458,C(CCl)CCl," 1,3-dichloropropane",-1.89,0.6,-0.42,0.02,-0.2,0.27,-0.13,-0.26,0.01,-1.89,-0.4965072754,0.02644213166,-0.438579066,0.02820025515
mobley_8320545,CC[N+](=O)[O-],1-nitroethane,-3.71,0.6,-1.84,0.02,-6.1,0.02,-6.08,-0.24,0.01,-3.71,-1.906647521,0.02260916942,-1.895381599,0.02914414903
mobley_967099,CC(C)[N+](=O)[O-],2-nitropropane,-3.13,0.6,-1.74,0.02,-5.31,0.03,-5.26,-0.24,0.01,-3.13,-1.580889369,0.02598570567,-1.601050128,0.03310888702
mobley_8746821,Cc1cccnc1C," 2,3-dimethylpyridine",-4.82,0.6,-3.37,0.03,-3.35,0.05,-3.15,-0.22,0.01,-4.82,-3.49475144,0.02947825237,-3.485958421,0.03120179504
mobley_6338073,CCNc1nc(nc(n1)SC)NC(C)(C)C,terbutryn,-6.68,0.42,-9.27,0.04,-3.33,0.11,-2.65,-0.21,0.03,-6.68,-11.27944414,0.05043951851,-10.69606499,0.1089895809
mobley_7010316,C1CCC(CC1)O,cyclohexanol,-5.46,0.6,-4.18,0.03,-3.75,0.3,-3.6,-0.21,0.04,-5.46,-4.23516399,0.03056156705,-4.204925849,0.03248627252
mobley_8311303,c1cc(c(cc1c2c(c(cc(c2Cl)Cl)Cl)Cl)Cl)Cl," 1,2,4,5-tetrachloro-3-(3,4-dichlorophenyl)benzene",-4.38,0.22,-0.7,0.04,-3.52,0.04,-2.74,-0.21,0.02,-4.38,-1.449004023,0.03976966943,-1.476208036,0.04442290857
mobley_7066554,c1cc(ccc1O)Cl,4-chlorophenol,-7.03,0.6,-5.37,0.03,-5.56,0.05,-5.33,-0.18,0.01,-7.03,-6.044483033,0.0294931229,-6.016876942,0.03177193833
mobley_8208692,c1c(c(c(c(c1Cl)Cl)Cl)Cl)c2c(cc(c(c2Cl)Cl)Cl)Cl," 1,2,3,4-tetrachloro-5-(2,3,4,6-tetrachlorophenyl)benzene",-4.61,0.25,-0.04,0.05,-3.19,0.13,-2.29,-0.17,0.01,-4.61,-0.8112586935,0.0421944962,-0.9588288206,0.04624416289
mobley_5026370,c1cnccc1C#N,pyridine-4-carbonitrile,-6.02,0.6,-5.76,0.03,-8.67,0.05,-8.4,-0.13,0.01,-6.02,-6.075447321,0.02827872342,-6.031391124,0.02977263985
mobley_1328465,C(C(Cl)Cl)Cl," 1,1,2-trichloroethane",-1.99,0.6,-0.38,0.03,-0.33,0.14,-0.1,-0.12,0.02,-1.99,-0.1166977759,0.02432799863,-0.04288836122,0.02669382739
mobley_7688753,c1cc(cc(c1)O)C=O,3-hydroxybenzaldehyde,-9.52,1.9,-9.37,0.03,-8.14,0.09,-7.84,-0.12,0.02,-9.52,-10.43084039,0.03242651554,-10.37890068,0.03783428537
mobley_1527293,C[C@@H](c1ccc(c(c1)F)c2ccccc2)C(=O)O,flurbiprofen,-8.42,0.16,-13.95,0.05,-6.26,0.13,-5.51,-0.11,0.03,-8.42,-10.00877424,0.04351552351,-10.24192346,0.0511079245
mobley_9974966,CC(C)SC(C)C,2-isopropylsulfanylpropane,-1.21,0.6,0.14,0.03,1.35,0.12,1.71,-0.1,0.01,-1.21,0.1512047394,0.03083903977,0.06542981321,0.03406008118
mobley_1363784,Cc1cc(cnc1)C," 3,5-dimethylpyridine",-4.84,0.6,-2.87,0.03,-3.34,0.04,-3.01,-0.09,0.01,-4.84,-3.120574173,0.02958342851,-3.038457528,0.0310180364
mobley_3047364,CCNc1nc(nc(n1)SC)NC(C)C," 2-N-ethyl-6-(methylsulfanyl)-4-N-(propan-2-yl)-1,3,5-triazine-2,4-diamine",-7.65,0.45,-10.55,0.04,-3.55,0.17,-2.8,-0.07,0.03,-7.65,-10.87678087,0.04883053486,-11.34602223,0.08294983784
mobley_1708457,CS(=O)(=O)C,methylsulfonylmethane,-10.08,0.6,-10.56,0.03,-13.38,0.11,-13.11,-0.05,0.01,-10.08,-11.30473228,0.03050279773,-9.754923191,0.03323698496
mobley_9565165,c1ccc-2c(c1)Cc3c2cccc3,9H-fluorene,-3.35,0.6,-4.27,0.03,-9.23,0.05,-8.58,-0.04,0.02,-3.35,-4.640243787,0.03469648711,-4.632665233,0.03754623564
mobley_4983965,CCSCC,ethylsulfanylethane,-1.46,0.6,0.3,0.02,0.55,0.04,0.85,-0.04,0.01,-1.46,0.3921239975,0.02647319347,0.3341043588,0.06693731617
mobley_5494918,C(=C(F)F)(C(F)(F)F)F," 1,1,2,3,3,3-hexafluoroprop-1-ene",2.93,0.6,2.31,0.02,0.33,0.07,0.58,-0.04,0.01,2.93,2.419343048,0.02417677924,2.149439001,0.0442338822
mobley_4434915,CCl,chloromethane,-0.55,0.6,0.76,0.01,1.07,0.06,1.17,-0.04,0.01,-0.55,0.7950069615,0.01740304908,0.8065171982,0.01835039931
mobley_3762186,C(Cl)Cl,dichloromethane,-1.31,0.6,0.04,0.02,0.26,0.04,0.46,-0.03,0.01,-1.31,-0.05641730002,0.01932250423,-0.007460511174,0.02107695059
mobley_4013838,CC(C)C(=O)C(C)C," 2,4-dimethylpentan-3-one",-2.74,0.6,-2.63,0.03,-6.7,0.05,-6.27,0,0.02,-2.74,-2.538905132,0.03243677991,-2.468347614,0.03644905194
mobley_6358463,c1ccc(c(c1)C(F)(F)F)C(F)(F)F," 1,2-bis(trifluoromethyl)benzene",1.07,0.6,-1.44,0.03,-1.77,0.11,-1.28,0,0.01,1.07,-1.440927166,0.03214130988,-1.699060492,0.03770509797
mobley_2269032,C[C@@H](c1ccc2cc(ccc2c1)OC)C(=O)O,naproxen,-10.21,0.18,-12.2,0.05,-7.6,0.48,-6.74,0.01,0.04,-10.21,-12.18269257,0.04325137502,-12.47526316,0.0638985318
mobley_5094777,c1ccc2c(c1)CCC2,indane,-1.46,0.6,-1.75,0.03,-6.13,0.05,-5.57,0.06,0.01,-1.46,-1.704372772,0.03074135187,-1.662659026,0.03298359743
mobley_632905,CC(=O)c1ccc(cc1)OC,1-(4-methoxyphenyl)ethanone,-4.4,0.6,-6.58,0.03,-7.13,0.04,-6.52,0.08,0.01,-4.4,-6.68281389,0.0347074269,-6.683404276,0.03936478315
mobley_5948990,c1ccc(c(c1)N)[N+](=O)[O-],2-nitroaniline,-7.37,0.6,-7.66,0.03,-5.83,0.11,-5.18,0.13,0.02,-7.37,-9.218719942,0.03197058631,-9.274326432,0.03723360382
mobley_2725802,CC(=O)N1CCCC1,1-pyrrolidin-1-ylethanone,-9.8,0.6,-7.83,0.03,-7.11,0.08,-6.47,0.16,0.01,-9.8,-7.036392924,0.03181767759,-6.87612116,0.0336411228
mobley_3968043,C1CCC(=O)C1,cyclopentanone,-4.7,0.6,-3.89,0.02,-2.05,0.04,-1.57,0.18,0.01,-4.7,-3.418688214,0.02751734754,-3.145292866,0.02989201792
mobley_7774695,CNc1ccccc1,N-methylaniline,-4.69,0.6,-5.72,0.03,-3.21,0.04,-2.54,0.27,0.02,-4.69,-5.137071764,0.03071138649,-5.403057299,0.03427897154
mobley_5286200,C(CCCl)CCl," 1,4-dichlorobutane",-2.32,0.6,-0.4,0.03,-0.23,0.3,0.6,0.44,0.03,-2.32,-0.6777277298,0.0296139102,-0.6860897138,0.03492306949
mobley_7463408,CCC(=O)Nc1ccc(c(c1)Cl)Cl," N-(3,4-dichlorophenyl)propanimidic acid",-7.78,1.93,-9.41,0.04,-11.33,0.22,,,,-7.78,-9.003892857,0.03964180285,-9.714653013,0.1270644158
mobley_9510785,c1ccc(cc1)c2cc(c(c(c2Cl)Cl)Cl)Cl," 1,2,3,4-tetrachloro-5-phenyl-benzene",-3.48,1,-1.31,0.04,-2.65,0.07,,,,-3.48,-1.972457456,0.03852497253,-1.969366964,0.04201073642
mobley_1893937,CCCCCCCl,1-chlorohexane,0,0.6,1.26,0.03,1.29,0.12,,,,0,1.295361613,0.03062185103,1.296650116,0.04361600516
mobley_9979854,C[C@H](C(F)(F)F)O,111-trifluoropropan-2-ol,-4.2,0.2,-3.49,0.03,-2.75,0.02,,,,-4.2,-3.861012255,0.03134896154,-4.460899947,0.03868656052
mobley_2123854,c1cc(ccc1C#N)O,4-hydroxybenzonitrile,-10.17,0.6,-8.39,0.03,-8.98,0.08,,,,-10.17,-9.031502158,0.0314591419,-8.948260015,0.03347039837
mobley_6257907,c1cc(cc(c1)Cl)N,3-chloroaniline,-5.82,0.6,-5.14,0.03,-4.57,0.05,,,,-5.82,-5.667377686,0.02911458487,-6.413909365,0.03192063895
mobley_5326154,CN(C)c1ccccc1," N,N-dimethylaniline",-3.45,0.6,-4.43,0.03,-2.3,0.04,,,,-3.45,-4.068566455,0.03166852795,-4.666373813,0.03519350188
mobley_755351,COc1cccc(c1)N,3-methoxyaniline,-7.29,0.6,-7.2,0.03,-6.14,0.06,,,,-7.29,-7.542861764,0.03195928194,-8.374616867,0.03711306853
mobley_628086,C[C@@H](C(F)(F)F)O," 1,1,1-trifluoropropan-2-ol",-4.16,0.6,-3.52,0.03,-2.78,0.04,,,,-4.16,-3.849743864,0.0304302196,-4.561587434,0.03873094559
mobley_4218209,COc1ccc(cc1)N,4-methoxyaniline,-7.48,0.6,-7.02,0.03,-6.31,0.06,,,,-7.48,-7.261916146,0.0314932718,-8.018915812,0.03541796775
mobley_7859387,CCCCCCC=O,heptanal,-2.67,0.6,-2.7,0.03,-1.49,0.09,,,,-2.67,-2.400997104,0.03333479129,-2.146652375,0.06194632662
mobley_6727159,C(CO[N+](=O)[O-])O,2-(nitrooxy)ethan-1-ol,-8.18,0.1,-6.68,0.03,-6.93,0.07,,,,-8.18,-6.288986338,0.03127152078,-7.49434493,0.08229635762
mobley_2178600,CCCCCCl,1-chloro-pentane,-0.1,0.2,1.08,0.03,1.11,0.12,,,,-0.1,1.137131246,0.0280032004,1.146383272,0.03817794783
mobley_4934872,CCOC(OCC)Oc1ccccc1,diethoxymethoxybenzene,-5.23,0.6,-5.2,0.04,-4.36,0.13,,,,-5.23,-5.368849049,0.04238879757,-7.722249768,0.2410519157
mobley_8573194,CCCC=O,butanal,-3.18,0.6,-3.04,0.02,-1.87,0.05,,,,-3.18,-2.79210214,0.02756542109,-2.679015057,0.045596077
mobley_8492526,CCCCC=O,pentanal,-3.03,0.6,-2.93,0.03,-1.78,0.07,,,,-3.03,-2.639730234,0.02926787729,-2.515042189,0.05491723276
mobley_2402487,CCOC(=O)CC(=O)OCC,diethyl propanedioate,-6,0.6,-6.72,0.03,-4.97,0.66,,,,-6,-6.447615746,0.03769632956,-6.277865094,0.04563967497
mobley_172879,c1ccc2c(c1)Oc3ccccc3O2,dibenzo-p-dioxin,-3.15,0.1,-4.9,0.02,-2.29,0.11,,,,-3.15,-4.314499622,0.03559879712,-4.374225541,0.04044680732
mobley_3715043,Cc1ccc(c2c1cccc2)C," 1,4-dimethylnaphthalene",-2.82,0.6,-3.08,0.03,-1.96,0.04,,,,-2.82,-3.303119612,0.0342711013,-3.258667427,0.03671015704
mobley_7239499,c1ccc2c(c1)Oc3cccc(c3O2)Cl,1-chlorodibenzo-p-dioxin,-3.52,0.1,-4.47,0.04,-2.76,0.07,,,,-3.52,-4.384999468,0.03635941823,-4.432936103,0.04000903939
mobley_2784376,C1CC1,cyclopropane,0.75,0.6,2.48,0.02,2.14,0.07,,,,0.75,2.105315753,0.01916282983,2.041849005,0.02095826977
mobley_2198613,CCCl,chloroethane,-0.63,0.6,0.78,0.02,0.69,0.12,,,,-0.63,0.7904837375,0.02058399635,0.8237137387,0.02157166364
mobley_2864987,CCC[C@@H](C)O,pentan-2-ol,-4.39,0.6,-2.94,0.03,-3.24,0.04,,,,-4.39,-3.111315755,0.02941654751,-3.365932474,0.04925311049
mobley_7227357,CCC(CC)O,pentan-3-ol,-4.35,0.6,-2.79,0.03,-3.24,0.08,,,,-4.35,-2.932308964,0.0297972761,-3.059427803,0.03984932331
mobley_4630641,COCCOC," 1,2-dimethoxyethane",-4.84,0.6,-3.1,0.03,-3.67,0.07,,,,-4.84,-3.451524374,0.03112393488,-3.74878315,0.03526077953
mobley_9114381,COC(=O)CC#N,methyl 2-cyanoacetate,-6.72,0.6,-6.36,0.03,-8.5,0.05,,,,-6.72,-6.048711514,0.02820119596,-6.56276741,0.04648817979
mobley_1827204,CCCCCC=O,hexanal,-2.81,0.6,-2.86,0.03,-1.71,0.04,,,,-2.81,-2.589929416,0.03164546385,-2.560727521,0.05812735699
mobley_2371092,Cc1ccncc1C," 3,4-dimethylpyridine",-5.22,0.6,-3.2,0.03,-4.2,0.04,,,,-5.22,-3.425906268,0.02918374526,-3.429053381,0.03059519617
mobley_1987439,Cc1cc(cc(c1)C)C,mesitylene,-0.9,0.6,-0.55,0.03,0.03,0.07,,,,-0.9,-0.6177782267,0.03208813035,-0.5979649972,0.03423080787
mobley_3639400,CCCCCl,1-chlorobutane,-0.16,0.6,0.99,0.02,0.96,0.14,,,,-0.16,1.048301357,0.02545551517,1.134572739,0.03254299266
mobley_8899867,C1CCC(C1)O,cyclopentanol,-5.49,0.6,-4.29,0.03,-4.37,0.05,,,,-5.49,-4.410893225,0.02802543767,-4.274487998,0.03185219364
mobley_1976156,CCCCCCCCC=O,nonanal,-2.07,0.6,-2.34,0.03,-1.13,0.05,,,,-2.07,-2.207696151,0.03685076098,-2.371004126,0.08165849426
mobley_2183616,CC[C@H](C)c1ccccc1,sec-butylbenzene,-0.45,0.6,-0.22,0.03,0.41,0.1,,,,-0.45,-0.394097805,0.03290038527,-0.4330906075,0.03815730947
mobley_7610437,CC[C@H](C(C)C)O,2-methylpentan-3-ol,-3.88,0.6,-2.42,0.03,-2.88,0.11,,,,-3.88,-2.555535659,0.03241115327,-2.977464019,0.04599955525
mobley_4683624,CCCc1ccc(cc1)O,4-propylphenol,-5.21,0.69,-5.21,0.03,-4.36,0.07,,,,-5.21,-5.740107028,0.03475136444,-5.694855668,0.04078683654
mobley_1977493,CCCCl,1-chloropropane,-0.33,0.6,0.97,0.02,0.77,0.02,,,,-0.33,0.895129537,0.02282550498,0.9494137092,0.02432197649
mobley_3105103,Cc1c(c(=O)n(c(=O)[nH]1)C(C)(C)C)Cl,terbacil,-11.14,1.93,-13.77,0.04,-10.58,0.27,,,,-11.14,-13.63276491,0.04131674766,-13.71329455,0.05032432204
mobley_5760563,COS(=O)(=O)OC,dimethyl sulfate,-5.1,0.6,-8.41,0.03,-6.8,0.08,,,,-5.1,-7.29572828,0.03083813065,-7.466938558,0.03998406832
mobley_2972345,c1ccc2c(c1)Cc3ccccc3C2," 9,10-dihydroanthracene",-3.78,0.1,-4.3,0.04,-3.18,0.08,,,,-3.78,-4.540070958,0.03666397819,-4.566062303,0.04169081455
mobley_7869158,CC[C@H](C)O[N+](=O)[O-],[(2S)-butan-2-yl] nitrate,-1.82,0.1,-1.86,0.03,-0.85,0.32,,,,-1.82,-1.732841962,0.02901513119,-1.865862605,0.08734060557
mobley_5616693,C[C@@H]1CC[C@H](C(=O)C1)C(C)C," (2S,5R)-2-isopropyl-5-methylcyclohexanone",-2.53,0.25,-3.52,0.03,-4.43,0.38,,,,-2.53,-3.015190181,0.03577147494,-2.88805132,0.03971392859
mobley_4305650,CCC#N,propanenitrile,-3.84,0.6,-2.49,0.02,-2.72,0.07,,,,-3.84,-2.535489237,0.02284328934,-2.480073708,0.02437360396
mobley_2792521,CCC/C=C/C=O,(2E)-hex-2-enal,-3.68,0.6,-3.12,0.03,-5.33,0.06,,,,-3.68,-2.901955153,0.03038118269,-2.947208878,0.07689715643
mobley_2523689,c1ccc(cc1)n2c(=O)c(c(cn2)N)Cl,5-Amino-4-chloro-2-phenylpyridazin-3(2H)-one,-16.43,1.93,-16.04,0.04,-15.95,0.13,,,,-16.43,-15.47852897,0.04065459363,-16.45814793,0.04563315952
mobley_7977115,CCC[C@H](CC)O,hexan-3-ol,-4.06,0.6,-2.58,0.03,-3.16,0.04,,,,-4.06,-2.88189687,0.0315425797,-3.044705368,0.04723875551
mobley_547634,Cc1cc2ccccc2cc1C," 2,3-dimethylnaphthalene",-2.78,0.6,-2.95,0.03,-2.19,0.01,,,,-2.78,-3.194168934,0.03452377084,-3.158427864,0.03723405518
mobley_3040612,CCc1ccccc1C,1-ethyl-2-methylbenzene,-0.85,0.1,-0.76,0.03,-0.1,0.12,,,,-0.85,-0.7918718026,0.03151543202,-0.825690656,0.03715082313
mobley_5110043,Cc1ccc2cc(ccc2c1)C," 2,6-dimethylnaphthalene",-2.63,0.6,-2.85,0.03,-2.06,0.02,,,,-2.63,-3.089674324,0.03479235027,-3.000831627,0.03704642522
mobley_8578590,CS(=O)C,methylsulfinylmethane,-9.28,0.57,-8.24,0.02,-10.78,0.13,,,,-9.28,-7.08150131,0.02642309759,-7.564902551,0.03077235126
mobley_588781,CCCCCCc1ccccc1,hexylbenzene,-0.04,0.6,-0.1,0.04,0.53,0.05,,,,-0.04,-0.01629247814,0.03706814227,0.1196243646,0.05933712555
mobley_2457863,COc1cccc(c1)O,3-methoxyphenol,-7.66,0.6,-6.97,0.04,-6.91,0.05,,,,-7.66,-7.197857792,0.03297115585,-7.906436614,0.06232075484
mobley_1903702,CC[C@H](C)O,butan-2-ol,-4.62,0.6,-3.15,0.03,-3.69,0.08,,,,-4.62,-3.404307234,0.02787640453,-3.450880546,0.03324017889
mobley_8785107,C[C@H]1CC[C@@H](O1)C," 2,5-dimethyltetrahydrofuran",-2.92,0.6,-1.79,0.03,-2.09,0.08,,,,-2.92,-1.690293812,0.02878061906,-1.476086279,0.03069982396
mobley_1800170,CCS,ethanethiol,-1.14,0.6,-0.4,0.02,-0.22,0.06,,,,-1.14,-0.179097617,0.02102496694,-0.1643725704,0.0295791568
mobley_9821936,c12c(c(c(c(c1Cl)Cl)Cl)Cl)Oc3c(c(c(c(c3Cl)Cl)Cl)Cl)O2," 1,2,3,4,6,7,8,9-octachlorodibenzo-p-dioxin",-4.53,1,-1.15,0.04,-4.51,0.04,,,,-4.53,-2.932190767,0.04319574876,-3.193259899,0.04808082287
mobley_7608435,CCCCCCCC(=O)OC,methyl octanoate,-2.04,0.6,-3.04,0.04,-3.76,0.1,,,,-2.04,-2.523601001,0.03924713762,-2.203530116,0.08680117848
mobley_3525176,CCCCCc1ccccc1,pentylbenzene,-0.23,0.6,-0.09,0.02,0.36,0.09,,,,-0.23,-0.125042421,0.03498817833,-0.09561840604,0.05031201988
mobley_2844990,c1cc2c(cc1Cl)Oc3cc(c(c(c3O2)Cl)Cl)Cl," 1,2,3,7-tetrachlorodibenzo-p-dioxin",-3.84,1,-2.66,0.04,-3.6,0.02,,,,-3.84,-3.430836665,0.03895231288,-3.570728868,0.04278725979
mobley_1017962,CCCCCC(=O)OC,methyl hexanoate,-2.49,0.6,-3.3,0.03,-4.07,0.05,,,,-2.49,-2.909736715,0.03561942701,-2.515870513,0.07192712135
mobley_397645,CCOC(=O)c1ccccc1,ethyl benzoate,-3.64,0.6,-4.6,0.03,-2.99,0.08,,,,-3.64,-4.891925731,0.034026827,-4.635083886,0.03624051075
mobley_3234716,Cc1ccc(cc1)C,p-xylene,-0.8,0.6,-0.66,0.03,-0.08,0.02,,,,-0.8,-0.7559211384,0.02906988828,-0.7384638656,0.0308816393
mobley_1893815,C(C(Cl)(Cl)Cl)Cl," 1,1,1,2-tetrachloroethane",-1.43,0.1,-0.09,0.03,-0.71,0.07,,,,-1.43,-0.04484110547,0.02620988395,0.007541892977,0.03032704489
mobley_7988076,c1cc(ccc1C=O)O,4-hydroxybenzaldehyde,-8.83,0.6,-10.05,0.03,-8.13,0.11,,,,-8.83,-10.56750106,0.03272435735,-10.42704537,0.03718005453
mobley_8191186,C(C(F)(F)F)Cl," 2-chloro-1,1,1-trifluoro-ethane",0.06,0.6,0.23,0.02,-1.32,0.04,,,,0.06,0.3992567889,0.0225457979,0.3397765712,0.02675678215
mobley_5371840,c1ccc2c(c1)Oc3ccc(cc3O2)Cl,2-chlorodibenzo-p-dioxin,-3.1,0.1,-4.05,0.04,-2.69,0.17,,,,-3.1,-3.967487166,0.03569990177,-4.050956201,0.03925527743
mobley_5665561,Cc1cc(c2ccccc2c1)C," 1,3-dimethylnaphthalene",-2.47,0.6,-3,0.03,-1.99,0.05,,,,-2.47,-3.127105188,0.03599764019,-3.068714908,0.03811578103
mobley_1160109,C[C@@H]1CC[C@H](CC1=O)C(=C)C," (2R,5R)-2-methyl-5-(1-methylethenyl)-cyclohexanone",-3.75,0.21,-3.34,0.03,-5.46,0.06,,,,-3.75,-3.222729515,0.03629179749,-3.250172573,0.04262922741
mobley_5977084,Cc1cccnc1,3-methylpyridine,-4.77,0.6,-3.22,0.03,-3.99,0.05,,,,-4.77,-3.440498281,0.02771164343,-3.395283081,0.02908789703
mobley_7893124,CC(C)(C)c1ccccc1,tert-butylbenzene,-0.44,0.6,-0.8,0.03,0.13,0.08,,,,-0.44,-0.8401582591,0.03286063997,-0.8980896297,0.03492430904
mobley_352111,CC(=O)OCCOC(=O)C,2-acetoxyethyl acetate,-6.34,0.6,-8.29,0.04,-7.85,0.1,,,,-6.34,-7.893510552,0.03903356023,-7.783213591,0.06080127888
mobley_4291494,c1ccnc(c1)Cl,2-chloropyridine,-4.39,0.6,-3.87,0.03,-3.65,0.07,,,,-4.39,-3.988000364,0.02697211425,-4.049994624,0.02870268455
mobley_6430250,CCCc1ccccc1,propylbenzene,-0.53,0.6,-0.51,0.03,0.07,0.05,,,,-0.53,-0.468069814,0.03195426857,-0.4661400601,0.03886111802
mobley_9478823,Cc1ccccc1C,o-xylene,-0.9,0.6,-0.85,0.03,-0.25,0.05,,,,-0.9,-0.882361532,0.02882821688,-0.9127010687,0.03088295955
mobley_5520946,c1ccc(cc1)S,benzenethiol,-2.55,0.6,-1.5,0.03,-1.94,0.1,,,,-2.55,-1.903933605,0.02669298559,-1.813040233,0.02969840548
mobley_6794076,CC(=O)c1ccncc1,1-(4-pyridyl)ethanone,-7.62,0.6,-7.57,0.03,-9.11,0.09,,,,-7.62,-7.580276813,0.03161744228,-7.499374835,0.03297846024
mobley_6474572,C=CCl,chloroethylene,-0.59,0.6,1.16,0.02,0.28,0.08,,,,-0.59,1.088047745,0.0193757184,1.048727036,0.02090752999
mobley_7463799,c1ccc(cc1)CCCO,3-phenylpropan-1-ol,-6.92,0.6,-5.77,0.04,-6.41,0.05,,,,-6.92,-6.082240303,0.03762881772,-6.068728285,0.05552543707
mobley_5263791,CCc1cccc2c1cccc2,1-ethylnaphthalene,-2.4,0.6,-2.96,0.03,-1.99,0.11,,,,-2.4,-3.186703143,0.03507277025,-3.093652983,0.05535760795
mobley_6198745,CC(=O)OCC(COC(=O)C)OC(=O)C," 2,3-diacetoxypropyl acetate",-8.84,0.2,-12.33,0.06,-10.5,0.11,,,,-8.84,-12.17121435,0.06480516816,-12.13790784,0.1242405894
mobley_1417007,C1C=CC[C@@H]2[C@@H]1C(=O)N(C2=O)SC(Cl)(Cl)Cl,captan,-9.01,1.93,-8.72,0.04,-10.99,0.16,,,,-9.01,-8.371891092,0.04151718696,-8.19049653,0.05747337635
mobley_3775790,Cn1cccc1,1-methylpyrrole,-2.89,0.6,-2.37,0.02,-2.2,0.05,,,,-2.89,-2.157741029,0.02596037531,-2.287545747,0.03043206591
mobley_1036761,C1CCC(CC1)N,cyclohexanamine,-4.59,0.6,-3.95,0.03,-3.93,0.08,,,,-4.59,-3.703086149,0.02895860061,-4.3852845,0.03390825623
mobley_8882696,C1CCOC1,tetrahydrofuran,-3.47,0.6,-2.2,0.02,-2.72,0.05,,,,-3.47,-1.806683256,0.02474552268,-1.748772255,0.02702339667
mobley_6714389,CN,methanamine,-4.55,0.6,-3.58,0.02,-3.67,0.01,,,,-4.55,-3.058617435,0.019867615,-3.733897231,0.02229436944
mobley_4687447,CCCOCCO,2-propoxyethanol,-6.4,0.6,-3.94,0.03,-5.8,0.07,,,,-6.4,-4.194797251,0.03527274499,-5.514005224,0.04709101246
mobley_5003962,c1ccc2c(c1)C(=O)c3ccc(cc3C2=O)N," 2-amino-9,10-anthraquinone",-11.53,0.29,-13.89,0.04,-13.35,0.04,,,,-11.53,-14.29828711,0.04195346657,-14.80615753,0.04522787045
mobley_8691603,Cc1cccc(c1)O,m-cresol,-5.49,0.6,-5.38,0.03,-4.94,0.01,,,,-5.49,-5.878965932,0.03106383256,-6.189917855,0.04698646917
mobley_2693089,CC(C)Cc1cnccn1,2-isobutylpyrazine,-5.04,0.6,-5.5,0.03,-4.55,0.08,,,,-5.04,-5.632171123,0.03421062821,-5.393351845,0.04034116327
mobley_2422586,CCCOC,1-methoxypropane,-1.66,0.6,-0.6,0.02,-0.96,0.05,,,,-1.66,-0.3795365083,0.02646360961,-0.3689390695,0.03143966841
mobley_4936555,Cc1cccc(c1C)Nc2ccccc2C(=O)O," 2-(2,3-dimethylphenyl)aminobenzoic acid",-6.78,0.1,-7.67,0.04,-6.76,0.11,,,,-6.78,-9.418382669,0.04710246458,-8.767064492,0.1252945852
mobley_2279874,COC(OC)OC,trimethoxymethane,-4.42,0.6,-4.62,0.03,-3.81,0.07,,,,-4.42,-4.509693904,0.03078091079,-5.078673971,0.04594622839
mobley_3969312,c1ccc(cc1)C=O,benzaldehyde,-4.02,0.6,-5.06,0.03,-3.46,0.04,,,,-4.02,-5.135544773,0.02924690298,-4.947429189,0.03170161368
mobley_6620221,CC1(Cc2cccc(c2O1)OC(=O)NC)C,carbofuran,-9.61,0.3,-11.13,0.04,-11.32,0.34,,,,-9.61,-11.24894068,0.04283880667,-11.01154136,0.0496326023
mobley_7415647,CN(C)C(=O)c1ccc(cc1)[N+](=O)[O-]," N,N-dimethyl-4-nitro-benzamide",-11.95,0.6,-10.04,0.04,-11.84,0.28,,,,-11.95,-9.791558027,0.0377223639,-9.531459372,0.04065574808
mobley_9626434,CCOCCO,2-ethoxyethanol,-6.69,0.6,-4.41,0.03,-6.13,0.03,,,,-6.69,-4.659668852,0.03338095706,-5.228309982,0.04213047133
mobley_4287564,Cc1ccccn1,2-methylpyridine,-4.63,0.6,-3.5,0.03,-4.08,0.06,,,,-4.63,-3.619000232,0.02778688594,-3.581447405,0.02922491262
mobley_4850657,CS(=O)(=O)Cl,methanesulfonyl chloride,-4.87,0.6,-6.22,0.02,-4.32,0.08,,,,-4.87,-6.840470965,0.02687105863,-5.857064775,0.02918566413
mobley_4479135,C=C(c1ccccc1)c2ccccc2," 1,1-diphenylethene",-2.78,0.1,-2.47,0.04,-2.63,0.1,,,,-2.78,-3.065034357,0.0369992535,-2.90581384,0.04257061116
mobley_4252724,CC(C)Cc1ccccc1,isobutylbenzene,0.16,0.6,-0.26,0.03,0.5,0.04,,,,0.16,-0.2405981062,0.03289449118,-0.2463337628,0.03722745939
mobley_4188615,CN(C)C(=O)c1ccccc1," N,N-dimethylbenzamide",-9.29,0.6,-8.11,0.03,-9.06,0.18,,,,-9.29,-8.062403243,0.03498139875,-7.800332947,0.0376138295
mobley_8764620,c1cc(cnc1)C#N,pyridine-3-carbonitrile,-6.75,0.6,-5.58,0.03,-8.01,0.07,,,,-6.75,-5.856068707,0.02837561481,-5.800529222,0.02970314037
mobley_5445548,CC(C)c1ccccc1,cumene,-0.3,0.6,-0.67,0.03,0.06,0.04,,,,-0.3,-0.6198368689,0.03092239102,-0.6559323991,0.03410839775
mobley_5006685,CC(=C)[C@H]1CCC(=CC1)C=O,4-(1-Methylethenyl)-1-cyclohexene-1-carboxaldehyde,-4.09,0.17,-3.59,0.03,-3.81,0.02,,,,-4.09,-4.060867783,0.03621381875,-4.332186353,0.08807104722
mobley_5538249,c1ccc(cc1)c2c(cc(cc2Cl)Cl)Cl," 1,3,5-trichloro-2-phenyl-benzene",-2.16,0.1,-1.15,0.04,-2.13,0.06,,,,-2.16,-1.80646183,0.03719900058,-1.731917216,0.04098603783
mobley_8713762,CCCN(CCC)C(=O)SCCC," N,N-dipropyl(propylsulfanyl)formamide",-4.13,1.36,-4.57,0.04,-5.79,0.37,,,,-4.13,-4.312021666,0.04405275168,-3.36365447,0.1755419038
mobley_8467917,CCCC/C=C/C,hept-2-ene,1.68,0.6,2.78,0.03,2.07,0.04,,,,1.68,2.700458924,0.02966272034,2.647613222,0.05389401016
mobley_4715906,C[C@@H]1CCCC[C@@H]1C," 1,2-dimethylcyclohexane",1.58,0.6,1.69,0.03,1.94,0.02,,,,1.58,1.764544624,0.02973735297,1.821627065,0.03185120652
mobley_1855337,c1c(cc(c(c1Cl)Cl)Cl)Cl," 1,2,3,5-tetrachlorobenzene",-1.62,0.6,0.14,0.03,-1.39,0.08,,,,-1.62,-0.2196362795,0.03040041177,-0.3109284096,0.03256817876
mobley_8337722,C[C@@H]1CC[C@H]([C@@H](C1)O)C(C)C," (1R,2S,5R)-2-isopropyl-5-methylcyclohexanol",-3.2,0.28,-3.35,0.04,-3.04,0.34,,,,-3.2,-3.705338497,0.03861488794,-3.928352402,0.04877347588
mobley_5079234,CCCCCCCO,heptan-1-ol,-4.21,0.6,-2.92,0.03,-3.9,0.16,,,,-4.21,-2.983843811,0.03354044578,-3.030521048,0.06464339884
mobley_5816127,COCCO,2-methoxyethanol,-6.62,0.4,-4.69,0.03,-6.15,0.04,,,,-6.62,-4.802840846,0.03129364995,-5.986483137,0.04312635217
mobley_3060426,CC(C)CCC(C)(C)C," 2,2,5-trimethylhexane",2.93,0.6,2.97,0.03,3.15,0.1,,,,2.93,3.098460626,0.03408077166,3.170930422,0.03642227812
mobley_6739648,C1COCCO1," 1,4-dioxane",-5.06,0.6,-4.27,0.02,-4.6,0.11,,,,-5.06,-3.769481065,0.02609981394,-3.653193667,0.02727273041
mobley_282648,c1ccc2ccccc2c1,naphthalene,-2.4,0.6,-3.21,0.03,-2.17,0.07,,,,-2.4,-3.350985437,0.03001731652,-3.333530867,0.03293344673
mobley_9794857,CC(C)(C)OC,2-methoxy-2-methyl-propane,-2.21,0.6,-0.69,0.03,-1.82,0.06,,,,-2.21,-0.5491429396,0.02770022933,-0.5361386194,0.02949431313
mobley_4884177,CCc1cccnc1,3-ethylpyridine,-4.59,0.6,-2.96,0.03,-4.3,0.07,,,,-4.59,-3.12795085,0.02974909284,-3.062491628,0.03283439763
mobley_3187514,Cc1ccccc1N,2-methylaniline,-5.53,0.6,-5.33,0.03,-5.29,0.04,,,,-5.53,-5.601970755,0.03061313648,-6.36474031,0.03408889919
mobley_5759258,CCCCCO,pentan-1-ol,-4.57,0.6,-3.05,0.03,-4.22,0.05,,,,-4.57,-3.252679043,0.03011878437,-3.374164967,0.05576742807
mobley_3211679,C1CCC=CC1,cyclohexene,0.14,0.1,1.18,0.02,0.49,0.04,,,,0.14,1.284651115,0.0253722121,1.276288803,0.02715796269
mobley_6935906,CC(=CCC[C@](C)(C=C)OC(=O)C)C," (3R)-3,7-Dimethylocta-1,6-dien-3-yl acetate",-2.49,0.85,-2.96,0.04,-4.12,0.59,,,,-2.49,-2.454930185,0.04385598827,-3.800047824,0.1934269424
mobley_7608462,c1ccc(cc1)Cl,chlorobenzene,-1.12,0.6,-0.47,0.02,-0.81,0.08,,,,-1.12,-0.7219486647,0.02534521167,-0.7542075704,0.02740256395
mobley_1144156,CCOCC,ethoxyethane,-1.59,0.6,-0.62,0.02,-1.18,0.06,,,,-1.59,-0.4288979919,0.02596776262,-0.40929484,0.02816211636
mobley_2613240,COc1ccccc1OC," 1,2-dimethoxybenzene",-5.33,0.1,-4.05,0.03,-5.17,0.66,,,,-5.33,-3.776593165,0.03343230238,-4.621494372,0.04731738367
mobley_6102880,c1ccc(cc1)Oc2ccccc2,diphenyl ether,-2.87,0.69,-2.81,0.03,-2.83,0.19,,,,-2.87,-3.131882421,0.03543188228,-3.179713143,0.03862544963
mobley_5973402,CC(C)CCO,3-methylbutan-1-ol,-4.42,0.6,-3.24,0.03,-4.08,0.15,,,,-4.42,-3.319502828,0.03000532635,-3.337425056,0.04845233252
mobley_3395921,C1CCOCC1,tetrahydropyran,-3.12,0.6,-1.81,0.02,-2.78,0.07,,,,-3.12,-1.601567278,0.02607993651,-1.531340265,0.02731277967
mobley_3999471,CC(Cl)Cl," 1,1-dichloroethane",-0.84,0.6,0.19,0.02,-0.46,0.06,,,,-0.84,0.1350706417,0.02264952315,0.1770771398,0.0244646599
mobley_7017274,c1ccc2c(c1)ccc3c2cccc3,phenanthrene,-3.88,0.6,-5.26,0.03,-3.94,0.13,,,,-3.88,-5.595125873,0.03528770707,-5.472171269,0.03882073676
mobley_4338603,c1c(=O)[nH]c(=O)[nH]c1Cl,6-chlorouracil,-15.83,1.22,-15.13,0.03,-15.67,0.07,,,,-15.83,-15.1857205,0.03381100382,-14.9941865,0.0388193523
mobley_1019269,CCCCO,butan-1-ol,-4.72,0.6,-3.23,0.03,-4.36,0.08,,,,-4.72,-3.278441139,0.02768969272,-3.353988874,0.04343612282
mobley_5220185,CCc1cnccn1,2-ethylpyrazine,-5.45,0.6,-5.81,0.03,-5.2,0.04,,,,-5.45,-6.007867567,0.03046167592,-5.803421417,0.03329602659
mobley_3727287,C1=CC(=O)C=CC1=O,quinone,-6.5,0.2,-6.96,0.03,-7.52,0.02,,,,-6.5,-6.808796717,0.02866263649,-6.650243909,0.03133273702
mobley_4762983,CCCCCC=C,hept-1-ene,1.66,0.6,2.76,0.03,1.89,0.1,,,,1.66,2.776479936,0.02874479352,2.767147841,0.04198294828
mobley_2789243,c1cc(cnc1)Cl,3-chloropyridine,-4.01,0.6,-2.77,0.03,-3.74,0.02,,,,-4.01,-3.038765133,0.02636074193,-3.010598366,0.02777932779
mobley_4561957,CC(C)C(C)C," 2,3-dimethylbutane",2.34,0.6,2.47,0.03,2.61,0.07,,,,2.34,2.587195682,0.02761841621,2.63429425,0.03059588472
mobley_4177472,CC(C)C(C)C(C)C," 2,3,4-trimethylpentane",2.56,0.6,2.67,0.03,2.72,0.09,,,,2.56,2.697970564,0.03184996655,2.630743966,0.03558337356
mobley_9100956,CC1CCCCC1,methylcyclohexane,1.7,0.6,1.68,0.03,1.92,0.05,,,,1.7,1.819604978,0.02834231539,1.903598242,0.03003541867
mobley_2960202,c1c2c(cc(c1Cl)Cl)Oc3c(c(c(c(c3Cl)Cl)Cl)Cl)O2," 1,2,3,4,7,8-hexachlorodibenzo-p-dioxin",-3.71,1,-1.88,0.04,-4.14,0.13,,,,-3.71,-3.103194668,0.04114108741,-3.283627698,0.04498619276
mobley_6571751,CC1=CCCCC1,1-methylcyclohexene,0.67,0.6,1.34,0.03,0.86,0.07,,,,0.67,1.325498323,0.02818213634,1.333719562,0.02968189638
mobley_6688723,COc1c(cc(c(c1O)OC)Cl)Cl," 3,5-dichloro-2,6-dimethoxyphenol",-6.44,0.38,-5.98,0.04,-7.7,0.51,,,,-6.44,-6.575922781,0.03770084812,-6.743319196,0.04195208463
mobley_486214,COc1cccc(c1O)OC," 2,6-dimethoxyphenol",-6.96,0.1,-7.39,0.04,-8.1,0.33,,,,-6.96,-7.319688542,0.03586383528,-8.093206135,0.04348542141
mobley_3370989,CC(F)F," 1,1-difluoroethane",-0.11,0.6,0.23,0.02,0.33,0.02,,,,-0.11,0.2910296904,0.02102087328,0.2618969947,0.02246009436
mobley_9112978,CC/C=C\C,pent-2-ene,1.31,0.6,2.37,0.02,1.6,0.08,,,,1.31,2.413229056,0.02500912016,2.418531172,0.02764375855
mobley_8668219,CC[C@@H](C)C(C)C," 2,3-dimethylpentane",2.52,0.6,2.62,0.03,2.71,0.07,,,,2.52,2.719980769,0.0291423804,2.732521061,0.03209804363
mobley_7360181,COC(C(F)(F)F)(OC)OC," 1,1,1-trifluoro-2,2,2-trimethoxyethane",-0.8,0.2,-2.32,0.03,-0.66,0.16,,,,-0.8,-2.402202358,0.03423944152,-2.875650266,0.05114069457
mobley_5732611,Cc1c[nH]cn1,4-methyl-1H-imidazole,-10.27,0.6,-8.21,0.03,-11.11,0.04,,,,-10.27,-8.058372255,0.02732164967,-8.049133776,0.03185045063
mobley_3982371,CC(=O)OC,methyl acetate,-3.13,0.6,-3.83,0.02,-3.85,0.04,,,,-3.13,-3.565896397,0.02550808303,-3.426061227,0.02728381833
mobley_646007,C1CCNC1,pyrrolidine,-5.48,0.6,-4.28,0.02,-5.27,0.06,,,,-5.48,-3.610186158,0.02551292305,-3.817781073,0.02845626522
mobley_1650157,CC(C)(C)O,2-methylpropan-2-ol,-4.47,0.6,-3.29,0.03,-4.25,0.07,,,,-4.47,-3.627591474,0.02754746704,-3.565654285,0.0291391814
mobley_2489709,c1ccc(c(c1)Cl)Cl," 1,2-dichlorobenzene",-1.36,0.6,-0.55,0.03,-1.28,0.07,,,,-1.36,-0.8054076622,0.02739731363,-0.8409208512,0.02949874063
mobley_9705941,Cc1cccs1,2-methylthiophene,-1.38,0.6,-0.3,0.02,-1.29,0.06,,,,-1.38,-0.2268599414,0.02583652818,-0.2584048639,0.0284967931
mobley_7106722,CCCC(C)C,isohexane,2.51,0.6,2.81,0.03,2.66,0.11,,,,2.51,2.78156874,0.02735926475,2.845997875,0.03120033163
mobley_6055410,c1cc(c(cc1c2ccc(cc2F)F)C(=O)O)O,diflunisal,-9.4,0.2,-6.61,0.06,-9.77,0.16,,,,-9.4,-8.439925242,0.05137319645,-8.054254277,0.06217413801
mobley_1923244,CCCC,n-butane,2.1,0.2,2.59,0.02,2.34,0.05,,,,2.1,2.655619256,0.02354332872,2.723020218,0.02846692399
mobley_4690963,CCOCCOCC," 1,2-diethoxyethane",-3.54,0.6,-3.42,0.04,-3.5,0.14,,,,-3.54,-3.090826612,0.03566080186,-3.110842053,0.03868620419
mobley_349850,Cc1ccc(cc1)C(=O)C,1-(p-tolyl)ethanone,-4.7,0.6,-4.91,0.03,-4.76,0.07,,,,-4.7,-5.122408165,0.03317854375,-4.994905063,0.03483258035
mobley_2577969,c1cc2ccc3cccc4c3c2c(c1)cc4,pyrene,-4.52,0.6,-6.79,0.04,-4.91,0.05,,,,-4.52,-7.260659115,0.03685904825,-7.107286272,0.04053060846
mobley_5449201,CCCCC,n-pentane,2.3,0.2,2.67,0.02,2.46,0.07,,,,2.3,2.739231776,0.02526474695,2.756117705,0.03268751548
mobley_6812653,CCCCCC,hexane,2.48,0.6,2.85,0.03,2.57,0.07,,,,2.48,2.883474984,0.02822276595,2.96715292,0.04015099998
mobley_2771569,CN1CCNCC1,1-methylpiperazine,-7.77,0.6,-8.17,0.03,-7.68,0.33,,,,-7.77,-7.761955145,0.03181159981,-8.146759216,0.0343882254
mobley_2492140,C(C(Cl)(Cl)Cl)(Cl)Cl," 1,1,1,2,2-pentachloroethane",-1.23,0.1,0.06,0.03,-1.29,0.12,,,,-1.23,0.03340085772,0.02738083988,0.06556499802,0.0326267486
mobley_7295828,COc1ccccc1,anisole,-2.45,0.6,-2.32,0.03,-2.42,0.08,,,,-2.45,-2.432486769,0.02890960877,-2.517731913,0.0324705197
mobley_1899443,CCCC(=C)C,2-methylpent-1-ene,1.47,0.6,2.49,0.03,1.55,0.12,,,,1.47,2.59174722,0.02822827121,2.554410445,0.0385325219
mobley_819018,CC(=CCC/C(=C/CO)/C)C," (2E)-3,7-dimethylocta-2,6-dien-1-ol",-4.45,0.24,-2.52,0.04,-4.68,0.13,,,,-4.45,-3.139151986,0.03847566414,-3.142460861,0.09670070509
mobley_6896128,CCCC[C@@H](C)CC,3-methylheptane,2.97,0.6,3.03,0.03,2.94,0.08,,,,2.97,3.085703991,0.03176026011,3.20151555,0.03714073057
mobley_8006582,C1CCCC1,cyclopentane,1.2,0.6,1.65,0.02,1.32,0.07,,,,1.2,1.739128475,0.02308676637,1.873043504,0.02475647569
mobley_1520842,Cc1ccncc1,4-methylpyridine,-4.93,0.6,-3.34,0.03,-4.89,0.08,,,,-4.93,-3.635826196,0.02813261926,-3.6180578,0.02948869995
mobley_2451097,c1ccc(cc1)C#N,benzonitrile,-4.1,0.6,-3.24,0.03,-4.13,0.05,,,,-4.1,-3.619349601,0.02741455434,-3.612112104,0.02925404717
mobley_628951,c1cc(c(c(c1)Cl)c2c(cccc2Cl)Cl)Cl," 1,3-dichloro-2-(2,6-dichlorophenyl)benzene",-2.28,0.12,-1.23,0.04,-2.73,0.04,,,,-2.28,-1.989469918,0.03836793944,-2.062959219,0.04227321317
mobley_8522124,CCCCCCC#C,oct-1-yne,0.71,0.6,0.83,0.03,-0.09,0.08,,,,0.71,0.9544334387,0.03074744296,1.040685019,0.05059824669
mobley_511661,C=CC=C,butadiene,0.56,0.2,1.96,0.02,0,0.05,,,,0.56,1.903257182,0.02175522689,1.844767744,0.02383068293
mobley_5852491,CC1CCCC1,methylcyclopentane,1.59,0.6,1.78,0.02,1.63,0.08,,,,1.59,1.86851685,0.02608026474,2.001013579,0.02784664489
mobley_8789864,COC(CC#N)(OC)OC," 3,3,3-trimethoxypropanenitrile",-6.4,0.6,-5.86,0.03,-6.54,0.23,,,,-6.4,-6.455757459,0.04495580653,-8.528575205,0.05214667594
mobley_3266352,CN(CC(F)(F)F)c1ccccc1," N-methyl-N-(2,2,2-trifluoroethyl)aniline",-1.92,0.6,-3.96,0.03,-2.13,0.05,,,,-1.92,-3.312162027,0.03555450402,-4.370301053,0.04636775602
mobley_6353617,CC(=O)c1cccnc1,1-(3-pyridyl)ethanone,-8.26,0.6,-7.84,0.03,-8.37,0.15,,,,-8.26,-7.294706312,0.0331734473,-7.967510721,0.06791562336
mobley_859464,CC(C)COC(=O)C,isobutyl acetate,-2.36,0.6,-2.9,0.03,-2.42,0.1,,,,-2.36,-2.904594468,0.03269568361,-2.843559919,0.03678610697
mobley_4964807,CC(=O)CO[N+](=O)[O-],nitroxyacetone,-5.99,0.1,-5.36,0.03,-6.69,0.11,,,,-5.99,-5.183452205,0.03003396803,-7.266645876,0.1534632681
mobley_5857,c1ccc2c(c1)cccn2,quinoline,-5.72,0.6,-4.99,0.03,-5.88,0.13,,,,-5.72,-5.281016346,0.03146549406,-5.100751517,0.03380941014
mobley_8966374,Cc1cnccn1,2-methylpyrazine,-5.51,0.6,-6.16,0.03,-5.52,0.04,,,,-5.51,-6.306590208,0.02878400249,-6.126166192,0.02988578248
mobley_3425174,C(F)Cl,chloro-fluoro-methane,-0.77,0.6,-0.17,0.02,-0.6,0.07,,,,-0.77,-0.2043705925,0.01821498823,-0.1772389818,0.01958937449
mobley_1875719,CCC(=O)CC,pentan-3-one,-3.41,0.2,-3.05,0.03,-3.4,0.05,,,,-3.41,-2.695659662,0.02854768599,-2.63097635,0.03388170568
mobley_3761215,CC(Cl)(Cl)Cl," 1,1,1-trichloroethane",-0.19,0.6,0.51,0.02,-0.8,0.07,,,,-0.19,0.5504028326,0.0234228351,0.5697450366,0.02720581431
mobley_1139153,CC(C)CC(C)(C)C," 2,2,4-trimethylpentane",2.89,0.6,2.54,0.03,2.7,0.08,,,,2.89,2.834066308,0.03068691136,2.853743066,0.0334125769
mobley_2859600,C=Cc1ccccc1,styrene,-1.24,0.6,-1.08,0.03,-1.39,0.05,,,,-1.24,-1.287711457,0.02883466598,-1.241953712,0.03187896273
mobley_7393673,COc1ccc(cc1)C(=O)OC,methyl 4-methoxybenzoate,-5.33,0.6,-6.46,0.03,-5.63,0.05,,,,-5.33,-6.561728075,0.03584989451,-6.426911053,0.03920873025
mobley_2390199,CCCC(=O)CCC,heptan-4-one,-2.92,0.6,-2.7,0.03,-3.06,0.04,,,,-2.92,-2.289786894,0.03431970797,-2.086659313,0.05709887166
mobley_9740891,c1cc(c(c(c1)Cl)C#N)Cl,dichlobenil,-4.71,1.93,-3.32,0.03,-5.54,0.12,,,,-4.71,-3.673917001,0.03036784307,-3.746239736,0.03211371048
mobley_4924862,CC(C)CCOC=O,isopentyl formate,-2.13,0.6,-3.41,0.03,-2.26,0.03,,,,-2.13,-3.121015092,0.03563107865,-2.571960909,0.04672813707
mobley_2609604,CCC(C)(C)CC," 3,3-dimethylpentane",2.56,0.6,2.59,0.03,2.38,0.07,,,,2.56,2.550799241,0.02913681729,2.580213731,0.03312605122
mobley_2763835,CCOc1ccccc1,ethoxybenzene,-2.22,0.6,-2.25,0.03,-2.45,0.06,,,,-2.22,-2.286487262,0.03110819194,-2.380156231,0.03841088328
mobley_1881249,CCCC(=O)C,pentan-2-one,-3.52,0.6,-3.17,0.03,-3.62,0.04,,,,-3.52,-2.7860244,0.02933087141,-2.729437587,0.04721366806
mobley_5346580,CC(=O)C(C)(C)C," 3,3-dimethylbutan-2-one",-3.11,0.6,-3.23,0.03,-3.25,0.13,,,,-3.11,-2.81017902,0.03009805329,-2.776652323,0.0321465776
mobley_3083321,COCOC,dimethoxymethane,-2.93,0.2,-3.22,0.04,-2.97,0.05,,,,-2.93,-2.88689262,0.02629557862,-2.790510987,0.03376131319
mobley_766666,C(=C(Cl)Cl)Cl," 1,1,2-trichloroethylene",-0.44,0.6,0.82,0.02,-1.01,0.05,,,,-0.44,0.7057214171,0.02288397626,0.5810053739,0.02489505503
mobley_9246215,C=CCC=C," penta-1,4-diene",0.93,0.6,2.36,0.02,0.46,0.04,,,,0.93,2.344468779,0.02441268534,2.215175941,0.03509631211
mobley_1396156,c1(c(c(c(c(c1Cl)Cl)Cl)Cl)Cl)N(=O)=O,pentachloronitrobenzene,-5.22,0.25,-1.28,0.04,-6.14,0.08,,,,-5.22,-1.446409063,0.03440874419,-1.513687384,0.03808944004
mobley_9121449,CCC#C,but-1-yne,-0.16,0.6,0.28,0.02,-0.2,0.03,,,,-0.16,0.3722221644,0.02227099319,0.4043231383,0.02609685467
mobley_5935995,CCC(C)(C)C," 2,2-dimethylbutane",2.51,0.6,2.5,0.03,2.34,0.05,,,,2.51,2.583157851,0.02690650863,2.603436212,0.0287838841
mobley_5499659,Cn1ccnc1,1-methylimidazole,-8.41,0.6,-6.28,0.02,-8.58,0.05,,,,-8.41,-6.070395403,0.02695677597,-6.125249869,0.03152958643
mobley_2493732,C=C(Cl)Cl," 1,1-dichloroethylene",0.25,0.6,1.11,0.02,0.13,0.09,,,,0.25,1.138916298,0.02119959743,1.022753358,0.02316876966
mobley_8809274,c1ccc(cc1)C(F)(F)F,trifluoromethylbenzene,-0.25,0.6,-0.57,0.03,-0.5,0.02,,,,-0.25,-0.616815808,0.02877821651,-0.7201413069,0.03282523822
mobley_7497999,CC(=O)c1ccccc1,1-phenylethanone,-4.58,0.6,-5.08,0.03,-4.87,0.04,,,,-4.58,-5.242180218,0.03153424225,-5.132633626,0.03338010773
mobley_4465023,C(=C\Cl)\Cl," (Z)-1,2-dichloroethylene",-1.17,0.6,1.16,0.02,-1.58,0.07,,,,-1.17,-0.06294321973,0.02102806523,-0.09469547648,0.02298473206
mobley_9407874,CCCCCCC(=O)C,octan-2-one,-2.88,0.6,-2.76,0.03,-3.21,0.08,,,,-2.88,-2.361404748,0.03623643985,-2.172231608,0.06329691926
mobley_1821184,Cc1c[nH]c2c1cccc2,3-methyl-1H-indole,-5.88,0.6,-8.16,0.03,-6.28,0.04,,,,-5.88,-6.511618931,0.0325806664,-6.54107183,0.03614180202
mobley_2328633,CCCCCC1CCCC1,pentylcyclopentane,2.55,0.6,2.38,0.03,2.12,0.15,,,,2.55,2.557477425,0.0344534884,2.762881407,0.04550256908
mobley_252413,CCCC(C)(C)C," 2,2-dimethylpentane",2.88,0.6,2.69,0.03,2.61,0.1,,,,2.88,2.791843231,0.02956633277,2.845759479,0.03362280378
mobley_1722522,CCCC(=O)OCC,ethyl butanoate,-2.49,0.6,-3.38,0.03,-2.77,0.08,,,,-2.49,-2.915808622,0.03405909172,-2.761299881,0.07056200481
mobley_303222,CC=C,prop-1-ene,1.32,0.6,2.33,0.02,1.27,0.03,,,,1.32,2.294755751,0.01961056914,2.246189294,0.02081120867
mobley_4483973,c1ccc(cc1)F,fluorobenzene,-0.8,0.6,-0.04,0.02,-1.23,0.08,,,,-0.8,-0.1881680854,0.02488170836,-0.2323300191,0.02709629716
mobley_5072416,COc1ccccc1N,2-methoxyaniline,-6.12,0.6,-6.77,0.03,-6.5,0.21,,,,-6.12,-6.903589919,0.03164771807,-7.581918557,0.03573776184
mobley_1352110,CCCCN(CC)C(=O)SCCC,pebulate,-3.64,1.93,-4.57,0.04,-4.56,0.58,,,,-3.64,-4.481922041,0.04309183175,-3.925458478,0.1695938835
mobley_8754702,CCCOC=O,propyl formate,-2.48,0.6,-3.7,0.02,-2.83,0.04,,,,-2.48,-4.286217455,0.03261200539,-3.13795106,0.06123610203
mobley_2364370,CCCCOC(=O)C,butyl acetate,-2.64,0.6,-3.41,0.03,-2.94,0.11,,,,-2.64,-2.98642209,0.03308622632,-2.807814939,0.04192151397
mobley_2143011,CC(C)C=C,3-methylbut-1-ene,1.83,0.6,2.45,0.02,1.48,0.18,,,,1.83,2.50713424,0.02464165798,2.453787602,0.02946557549
mobley_8337977,CC(C)CC(=O)C,4-methylpentan-2-one,-3.05,0.6,-3.12,0.03,-3.33,0.04,,,,-3.05,-2.813687213,0.03034470506,-2.842363265,0.04573098073
mobley_1075836,CCC(=O)OC,methyl propanoate,-2.93,0.6,-3.65,0.03,-3.11,0.08,,,,-2.93,-3.333395352,0.0278573151,-3.189730923,0.03210420888
mobley_900088,CC(=C)C(=C)C," 2,3-dimethylbuta-1,3-diene",0.4,0.6,1.86,0.03,0.12,0.08,,,,0.4,1.640475413,0.02631353341,1.539289751,0.03317863727
mobley_1592519,CCCCCC(=O)OCC,ethyl hexanoate,-2.23,0.6,-2.93,0.03,-2.8,0.07,,,,-2.23,-2.667552379,0.0376200418,-2.313673512,0.07498277543
mobley_8118832,C=CCO,prop-2-en-1-ol,-5.03,0.6,-3.29,0.02,-5.2,0.09,,,,-5.03,-3.517601732,0.02526800845,-3.725687274,0.04131787497
mobley_1034539,c1cc(c(cc1c2cc(c(c(c2Cl)Cl)Cl)Cl)Cl)Cl," 1,2,3,4-tetrachloro-5-(3,4-dichlorophenyl)benzene",-3.04,0.1,-1.08,0.04,-3.98,0.13,,,,-3.04,-1.776642124,0.04039820994,-1.851043669,0.04432241485
mobley_7814642,c1cc(c(cc1Cl)Cl)Cl," 1,2,4-trichlorobenzene",-1.12,0.6,-0.12,0.03,-1.55,0.12,,,,-1.12,-0.4214327286,0.02866221256,-0.5017658881,0.03047194918
mobley_5471704,CC(C)CCOC(=O)C,isopentyl acetate,-2.21,0.6,-3.07,0.03,-2.63,0.13,,,,-2.21,-2.849675375,0.03568743829,-2.701274476,0.04038637217