,"Mol_ID","Exp [kcal/mol]","MM-ASFE [kcal/mol]","MM-ASFE-err [kcal/mol]","ML-ASFE [kcal/mol]","ML-ASFE-err [kcal/mol]","solvent_dG","solvent_dG_err","solvent_dG_std","vac_dG","vac_dG_err","vac_dG_std"
0,"mobley_1743409",-5.71,-7.609039044,0.05866959766,-7.870574669,0.08005030247,-382771.8923,0.04139169723,0.7368835205,-382771.6307,0.03539288961,0.4576166791
1,"mobley_9979854",-4.2,-3.861012255,0.03134896154,-4.460899947,0.03868656052,-306710.2738,0.01904106388,0.3786319245,-306709.674,0.01230164467,0.27276659
2,"mobley_1873346",-0.9,-0.7986286894,0.02709888943,-0.8147065606,0.03061337183,-169252.2973,0.008621500751,0.1432221289,-169252.2812,0.01133571572,0.1675606648
3,"mobley_4715906",1.58,1.764544624,0.02973735297,1.821627065,0.03185120652,-196047.1061,0.007996465767,0.1689494979,-196047.1631,0.00813914803,0.1671846776
4,"mobley_3169935",-4.91,-5.328289131,0.02886874139,-6.072863865,0.03328847673,-465705.7102,0.01295149591,0.2160914594,-465704.9657,0.01034297865,0.1775725601
5,"mobley_9729792",-0.99,-0.2123621558,0.02626425399,-0.599655253,0.04868886797,-169225.911,0.02919662944,0.3575904243,-169225.5237,0.02878109893,0.3846746889
6,"mobley_6358463",1.07,-1.440927166,0.03214130988,-1.699060492,0.03770509797,-564885.8353,0.01342977719,0.29715203,-564885.5771,0.01443092849,0.329683454
7,"mobley_2845466",-3.37,-3.12953373,0.03795796185,-3.248608845,0.04488431309,-1527646.511,0.01646908078,0.2619496392,-1527646.391,0.01739436898,0.2768932556
8,"mobley_6006813",-3.09,-1.54006321,0.02743431959,-1.441598825,0.07228396744,-226264.6808,0.04850576538,0.7593399211,-226264.7793,0.04603825347,0.7754516105
9,"mobley_5445548",-0.3,-0.6198368689,0.03092239102,-0.6559323991,0.03410839775,-218262.5993,0.00986374643,0.2041717126,-218262.5632,0.01048308337,0.2118701383
10,"mobley_3802803",-1.66,-1.282126501,0.03383272135,-1.431055829,0.1137336516,-322130.52,0.08147663309,0.9359689336,-322130.3711,0.07177916648,0.838746583
11,"mobley_9028462",-1.1,-1.062857545,0.026932919,-1.184472702,0.03124432883,-352850.7283,0.01067626583,0.194842504,-352850.6067,0.01169800437,0.210890024
12,"mobley_4305650",-3.84,-2.535489237,0.02284328934,-2.480073708,0.02437360396,-107233.4191,0.005811499583,0.133391143,-107233.4745,0.006203480877,0.1411712133
13,"mobley_1838110",1.77,1.743505286,0.02497027484,1.692424892,0.0396702002,-1094714.757,0.01659485133,0.2958013513,-1094714.706,0.02597731833,0.4203376039
14,"mobley_1722522",-2.49,-2.915808622,0.03405909172,-2.761299881,0.07056200481,-240771.3697,0.05162390875,0.6150923631,-240771.5242,0.03396979304,0.5807371549
15,"mobley_7610437",-3.88,-2.555535659,0.03241115327,-2.977464019,0.04599955525,-194646.455,0.0269490227,0.4951626655,-194646.0331,0.01841809987,0.3369489113
16,"mobley_1893937",0,1.295361613,0.03062185103,1.296650116,0.04361600516,-434253.025,0.02471570843,0.4207357593,-434253.0263,0.01880935679,0.3683540327
17,"mobley_9209581",-3.2,-1.921886871,0.02443660032,-2.763858461,0.02961745939,-108749.3744,0.01023727837,0.1674410251,-108748.5324,0.01323799824,0.24672308
18,"mobley_6266306",-5.56,-4.232115529,0.02392251576,-3.988968067,0.03064229061,-108023.3794,0.01336270447,0.2845473695,-108023.6225,0.01371500431,0.2610668809
19,"mobley_667278",-4.4,-1.486191462,0.04195086108,-1.62487171,0.04762728575,-2294080.228,0.01652137689,0.2916588861,-2294080.089,0.015346912,0.2638944317
20,"mobley_8311303",-4.38,-1.449004023,0.03976966943,-1.476208036,0.04442290857,-2007608.174,0.01503905722,0.3328571151,-2007608.146,0.01286837041,0.2692047668
21,"mobley_352111",-6.34,-7.893510552,0.03903356023,-7.783213591,0.06080127888,-333754.3883,0.02682671142,0.4575796806,-333754.4986,0.03812485074,0.5180831142
22,"mobley_967099",-3.13,-1.580889369,0.02598570567,-1.601050128,0.03310888702,-201765.7455,0.01363580708,0.2634645711,-201765.7254,0.0153299141,0.2756867081
23,"mobley_2693089",-5.04,-5.632171123,0.03421062821,-5.393351845,0.04034116327,-262807.7112,0.01510152825,0.2860611493,-262807.95,0.01513229053,0.2837862145
24,"mobley_4964807",-5.99,-5.183452205,0.03003396803,-7.266645876,0.1534632681,-294727.3711,0.1257963419,1.337450838,-294725.2879,0.08260881193,0.9304787323
25,"mobley_4188615",-9.29,-8.062403243,0.03498139875,-7.800332947,0.0376138295,-298897.9012,0.01038959226,0.2243195849,-298898.1632,0.009119116377,0.1897720354
26,"mobley_9565165",-3.35,-4.640243787,0.03469648711,-4.632665233,0.03754623564,-312532.1029,0.009644610778,0.2100164201,-312532.1105,0.01062332697,0.2352241149
27,"mobley_242480",-11.85,-16.00263662,0.04281947199,-16.87068921,0.05018834095,-498258.6458,0.0214772325,0.3136559706,-498257.7777,0.01496966501,0.2537930263
28,"mobley_9717937",-2.69,-2.993564483,0.03445547695,-2.905413069,0.03862597613,-575240.3544,0.01209832357,0.2042170896,-575240.4425,0.0125863699,0.2091781896
29,"mobley_9201263",-4.87,-7.769645156,0.03009695689,-7.742917428,0.04616121662,-438473.7062,0.02848236875,0.4784158572,-438473.733,0.020341725,0.3168277055
30,"mobley_2923700",-6.13,-5.853617942,0.03283510339,-5.792949896,0.03699508378,-240615.9898,0.01149492843,0.1937356398,-240616.0505,0.01258407047,0.2009780391
31,"mobley_819018",-4.45,-3.139151986,0.03847566414,-3.142460861,0.09670070509,-291113.8726,0.06077419262,0.5986218013,-291113.8693,0.06463085289,0.612578695
32,"mobley_3709920",2.06,3.123152091,0.0336998375,3.127230937,0.05996356134,-220515.9953,0.03607398574,0.5009783205,-220515.9994,0.03403846637,0.467790344
33,"mobley_6416775",2.13,2.175825951,0.03025253882,2.268967259,0.04038755382,-196044.2322,0.02208440413,0.25558561,-196044.3254,0.01510686908,0.2287204041
34,"mobley_2489709",-1.36,-0.8054076622,0.02739731363,-0.8409208512,0.02949874063,-717699.9889,0.007446668759,0.1663210951,-717699.9533,0.008006873859,0.1756330485
35,"mobley_52782",-5.73,-5.20443529,0.03325386666,-11.93964076,0.7025347717,-398473.0186,0.5554423418,2.136600264,-398466.2834,0.4288742131,1.47576714
36,"mobley_2972906",-1.4,-0.4023515619,0.02324585171,-0.4450811859,0.02838678177,-344688.8545,0.01119102217,0.1916373134,-344688.8118,0.01184064103,0.1919191001
37,"mobley_6620221",-9.61,-11.24894068,0.04283880667,-11.01154136,0.0496326023,-465399.2892,0.01690717869,0.5800177926,-465399.5266,0.01850349057,1.449008845
38,"mobley_8668219",2.52,2.719980769,0.0291423804,2.732521061,0.03209804363,-172284.2127,0.009234001907,0.1838915975,-172284.2253,0.009784645033,0.2029805953
39,"mobley_632905",-4.4,-6.68281389,0.0347074269,-6.683404276,0.03936478315,-311243.8126,0.01260930896,0.2830322307,-311243.812,0.01363766834,0.2867330943
40,"mobley_1987439",-0.9,-0.6177782267,0.03208813035,-0.5979649972,0.03423080787,-218258.5596,0.008066971291,0.1714293162,-218258.5794,0.008776335933,0.1844333955
41,"mobley_6091882",1.28,2.35744839,0.01670181145,2.301688391,0.0197259774,-48977.34247,0.007663741178,0.1438597347,-48977.28671,0.007171523533,0.1302046215
42,"mobley_5880265",-6.25,-4.302876748,0.03701362699,-4.940396609,0.0615332292,-241521.8516,0.04380248891,0.6006914299,-241521.214,0.02230855616,0.3274604709
43,"mobley_3167746",2.88,3.177663917,0.03176338605,3.302009265,0.05378122153,-196787.2116,0.02989978905,0.4688788036,-196787.336,0.03145647327,0.4427950956
44,"mobley_5079234",-4.21,-2.983843811,0.03354044578,-3.030521048,0.06464339884,-219149.4036,0.04489271332,0.5835796283,-219149.3569,0.03222501824,0.5051961689
45,"mobley_4434915",-0.55,0.7950069615,0.01740304908,0.8065171982,0.01835039931,-311721.6935,0.004523628477,0.1062213631,-311721.705,0.003661669422,0.08717342132
46,"mobley_7690440",-1.83,-0.6838550506,0.02495758508,-0.5850709622,0.02848440899,-546138.1421,0.008864074635,0.1554368738,-546138.2409,0.01048373422,0.1864772142
47,"mobley_718988",-3.79,-2.315174228,0.03543944008,-2.849980611,0.06556893706,-206769.6844,0.02841869267,0.509253283,-206769.1496,0.04728328986,0.4986602003
48,"mobley_3211679",0.14,1.284651115,0.0253722121,1.276288803,0.02715796269,-146256.0452,0.006896974588,0.1511296719,-146256.0368,0.006799818546,0.1447485609
49,"mobley_5471704",-2.21,-2.849675375,0.03568743829,-2.701274476,0.04038637217,-265268.3033,0.01369634412,0.2821312042,-265268.4517,0.01303364733,0.2761213777
50,"mobley_3686115",-3.28,-1.286746638,0.03652217341,-1.819483185,0.06384622981,-241498.8398,0.02988491754,0.5520739116,-241498.307,0.04300422787,0.4107132778
51,"mobley_9897248",-4.78,-3.020103815,0.03875599645,-2.974436587,0.157476919,-291115.6736,0.1447347274,0.6529930596,-291115.7192,0.04846453803,0.704486073
52,"mobley_951560",-7.4,-9.114288325,0.03171383313,-9.367868761,0.03489527691,-167045.7774,0.01032613872,0.1647545242,-167045.5238,0.0102607991,0.167608882
53,"mobley_902954",-2.09,-1.550953006,0.02966547951,-1.504024472,0.08315872438,-273119.012,0.05983793354,0.7921755859,-273119.0589,0.04954547887,0.8938371584
54,"mobley_6812653",2.48,2.883474984,0.02822276595,2.96715292,0.04015099998,-147775.6152,0.0179115478,0.3731540466,-147775.6989,0.02224308289,0.3790363524
55,"mobley_5616693",-2.53,-3.015190181,0.03577147494,-2.88805132,0.03971392859,-291176.67,0.01194175199,0.2459499846,-291176.7971,0.01244958892,0.2485459184
56,"mobley_7859387",-2.67,-2.400997104,0.03333479129,-2.146652375,0.06194632662,-218393.9655,0.03769474659,0.561305751,-218394.2198,0.03612817669,0.5495002128
57,"mobley_5692472",-4.29,-2.522143259,0.02232940573,-2.983778611,0.02533615199,-84245.47365,0.008293784559,0.1365721025,-84245.01201,0.008633155586,0.1341279647
58,"mobley_4035953",-5.9,-5.546761234,0.03010622846,-5.53276584,0.03510838694,-216117.4223,0.01087819201,0.2782401988,-216117.4363,0.01441800194,0.3501671328
59,"mobley_2763835",-2.22,-2.286487262,0.03110819194,-2.380156231,0.03841088328,-240623.9355,0.01464708895,0.3274637632,-240623.8418,0.01712130643,0.3566026997
60,"mobley_3589456",-4.59,-4.6167036,0.03580156327,-5.02502756,0.05426072293,-550337.4666,0.03703003478,0.4704484508,-550337.0583,0.01706606704,0.3075624464
61,"mobley_5917842",-5.8,-4.803337378,0.04339468791,-4.710531334,0.04631904192,-287500.2464,0.01216743074,0.276372581,-287500.3392,0.01069150761,0.2441592269
62,"mobley_676247",3.12,2.5830837,0.01819072599,2.427614525,0.0296586931,-272647.9786,0.01552708294,0.301094472,-272647.8232,0.01753981926,0.3500474221
63,"mobley_3395921",-3.12,-1.601567278,0.02607993651,-1.531340265,0.02731277967,-169391.7398,0.005378997999,0.1196034475,-169391.81,0.006073814729,0.1305578554
64,"mobley_8754702",-2.48,-4.286217455,0.03261200539,-3.13795106,0.06123610203,-191764.2592,0.05125128515,0.7966385304,-191765.4075,0.007721597451,0.1740899662
65,"mobley_2929847",-6.09,-6.139825813,0.03313773512,-6.149263007,0.04278957327,-216246.1323,0.02026374599,0.411569379,-216246.1228,0.01795045096,0.3354530742
66,"mobley_3269819",-3.17,-1.581189732,0.04168220025,-1.693118021,0.04691354092,-2294077.629,0.01658181233,0.2820169274,-2294077.517,0.01373018585,0.2455511356
67,"mobley_2341732",-2.56,-2.982026197,0.03314799221,-2.722741577,0.102948095,-240770.7536,0.07995392898,0.6155199138,-240771.0129,0.05573948436,0.6600340499
68,"mobley_4463913",-4.97,-7.348992203,0.03583786221,-7.685578208,0.07411874187,-333716.8468,0.06058420546,0.6509707597,-333716.5102,0.02321184131,0.3684367724
69,"mobley_1976156",-2.07,-2.207696151,0.03685076098,-2.371004126,0.08165849426,-267405.1768,0.06292295466,0.7120685129,-267405.0135,0.0367536784,0.6145152926
70,"mobley_129464",-0.83,0.3894075984,0.03475705436,0.5308175095,0.05809739516,-243651.3574,0.03708164626,0.4784264571,-243651.4988,0.02814615441,0.413102649
71,"mobley_2837389",-4.78,-3.789800411,0.02383142713,-3.865808298,0.03266161935,-131002.2213,0.01596985378,0.2377669421,-131002.1453,0.01561435973,0.2656286325
72,"mobley_3690931",-2.28,-2.531966713,0.0364395194,-2.353700487,0.08190243744,-265278.7656,0.05684636559,0.5836221332,-265278.9439,0.04635365577,0.5600169093
73,"mobley_1821184",-5.88,-6.511618931,0.0325806664,-6.54107183,0.03614180202,-251267.6145,0.01031143047,0.2129440472,-251267.585,0.0117645413,0.2568888955
74,"mobley_7417968",-5.31,-5.004306719,0.03649953379,-4.830902243,0.0540548771,-287634.0032,0.02508367149,0.3440797925,-287634.1766,0.03099230866,0.4153404958
75,"mobley_5094777",-1.46,-1.704372772,0.03074135187,-1.662659026,0.03298359743,-217523.3573,0.008129156421,0.1785896851,-217523.399,0.00876377773,0.1850207243
76,"mobley_6232400",-7.1,-7.489230141,0.03270317103,-7.321437226,0.03652119961,-225331.3385,0.01093961133,0.1906255079,-225331.5063,0.01202603549,0.206397843
77,"mobley_5123639",-3.73,-3.132255675,0.03124272679,-3.276840573,0.04595335958,-194640.26,0.02189700608,0.4377459157,-194640.1154,0.02561492541,0.4700533922
78,"mobley_9741965",-4.29,-4.417952574,0.03663514718,-7.144759394,0.7283694507,-447471.4224,0.4245962652,2.220645303,-447468.6955,0.5906758284,1.404189232
79,"mobley_5390332",-2.83,-3.091127765,0.03089460488,-3.016045059,0.08510726587,-216265.1905,0.06077262089,0.6267797439,-216265.2655,0.050945644,0.5927386014
80,"mobley_3715043",-2.82,-3.303119612,0.0342711013,-3.258667427,0.03671015704,-289523.9666,0.008274287138,0.1767184758,-289524.011,0.01023051407,0.2028095864
81,"mobley_6935906",-2.49,-2.454930185,0.04385598827,-3.800047824,0.1934269424,-386238.2572,0.1648305046,0.8520570367,-386236.9121,0.09122247042,0.7643821452
82,"mobley_5157661",2.3,2.580242193,0.02288792849,2.633474025,0.024972268,-98762.73254,0.007459495358,0.1213703026,-98762.78577,0.006641748822,0.1125555492
83,"mobley_1189457",-2.73,-1.412331612,0.02890765012,-1.543967867,0.03485936031,-417444.9155,0.01537896291,0.2344945506,-417444.7839,0.01195868997,0.1963137538
84,"mobley_646007",-5.48,-3.610186158,0.02551292305,-3.817781073,0.02845626522,-132508.6982,0.00955459007,0.206848305,-132508.4906,0.008219464486,0.1839215146
85,"mobley_755351",-7.29,-7.542861764,0.03195928194,-8.374616867,0.03711306853,-250572.3517,0.01311190214,0.2868669243,-250571.5199,0.01356695161,0.2858167463
86,"mobley_7774695",-4.69,-5.137071764,0.03071138649,-5.403057299,0.03427897154,-203728.5192,0.01154640558,0.2382956524,-203728.2532,0.009926688674,0.2028930614
87,"mobley_5200358",-9.84,-7.552138266,0.05521099707,-8.230492542,0.131322848,-581693.5593,0.0734742214,0.934323295,-581692.8809,0.09380285179,0.8938643482
88,"mobley_2789243",-4.01,-3.038765133,0.02636074193,-3.010598366,0.02777932779,-441209.7245,0.006529256252,0.1481954456,-441209.7527,0.005845609455,0.1350475128
89,"mobley_1036761",-4.59,-3.703086149,0.02895860061,-4.3852845,0.03390825623,-181514.993,0.01255825526,0.2926104355,-181514.3108,0.01238787781,0.2788436218
90,"mobley_2501588",-2.45,-2.213337049,0.0482844301,-2.344532512,0.1585360092,-815080.3718,0.1187196605,0.6981406709,-815080.2406,0.09331624855,0.6660550521
91,"mobley_6743808",-6.5,-5.859033244,0.0331953661,-6.254475728,0.04973409781,-240614.9096,0.02293574961,0.5678025705,-240614.5142,0.02907747486,0.4048467654
92,"mobley_3234716",-0.8,-0.7559211384,0.02906988828,-0.7384638656,0.0308816393,-193755.8115,0.00750075549,0.1607427355,-193755.8289,0.007235738276,0.1594780824
93,"mobley_2844990",-3.84,-3.430836665,0.03895231288,-3.570728868,0.04278725979,-1527666.229,0.0116475771,0.245299079,-1527666.089,0.01333419922,0.2701096687
94,"mobley_1662128",1.38,2.403017886,0.02228214538,2.389243189,0.02852295547,-97987.19718,0.01304259627,0.1755210906,-97987.18341,0.01212252731,0.1688551482
95,"mobley_2279874",-4.42,-4.509693904,0.03078091079,-5.078673971,0.04594622839,-239358.2247,0.03141874335,0.4000770955,-239357.6557,0.01328359891,0.2533193032
96,"mobley_7176248",-3.25,-2.092949846,0.04510431123,-2.322323764,0.1497982522,-791324.6311,0.1083723662,0.8499999925,-791324.4017,0.09306206382,0.7528368253
97,"mobley_5346580",-3.11,-2.81017902,0.03009805329,-2.776652323,0.0321465776,-193895.9881,0.007844707586,0.1714929982,-193896.0216,0.008122204296,0.169991116
98,"mobley_2577969",-4.52,-7.260659115,0.03685904825,-7.107286272,0.04053060846,-383786.6685,0.01131410105,0.2417648729,-383786.8219,0.01249527518,0.2644303111
99,"mobley_7142697",-4.09,-2.298420985,0.03147567369,-2.777692874,0.06313469591,-157759.2076,0.02293404466,0.4013925443,-157758.7283,0.04969206565,0.4064452892
100,"mobley_5282042",-7.43,-6.93034426,0.05106554615,-8.33208595,0.1534373952,-517783.8365,0.126771942,1.002506135,-517782.4347,0.06974395286,0.9185231765
101,"mobley_7573149",-2.79,-2.372228555,0.03066776177,-2.217629547,0.03455956078,-216257.1799,0.0104645606,0.1782952614,-216257.3345,0.01201434979,0.194473381
102,"mobley_3980099",-1.24,-0.8298906065,0.02836979405,-0.8832716149,0.03266381699,-1004172.739,0.01038308934,0.1782895174,-1004172.686,0.01242059507,0.1997697712
103,"mobley_547634",-2.78,-3.194168934,0.03452377084,-3.158427864,0.03723405518,-289518.4662,0.0095937033,0.1969429392,-289518.5019,0.01012151023,0.2121393361
104,"mobley_3414356",-3.92,-3.113451537,0.03126197474,-3.169979644,0.0508063904,-194634.7347,0.02882881763,0.3478452922,-194634.6782,0.02780067471,0.3473144827
105,"mobley_9507933",-4.72,-3.43166132,0.02977961859,-3.345962625,0.03207082378,-203731.8456,0.008406577877,0.1437004413,-203731.9313,0.008428612145,0.1490964678
106,"mobley_4193752",-4.12,-3.514982003,0.02833755807,-3.444129463,0.03243597909,-272261.3972,0.0109642352,0.1840716535,-272261.468,0.01135169979,0.1991566382
107,"mobley_7239499",-3.52,-4.384999468,0.03635941823,-4.432936103,0.04000903939,-668260.9387,0.01021407335,0.2176012245,-668260.8907,0.01320562928,0.2675703966
108,"mobley_7983227",-4.42,-3.136207118,0.03046342302,-3.284052997,0.04456162576,-170141.0067,0.02438335799,0.3933181169,-170140.8589,0.0215213894,0.3434445817
109,"mobley_1417007",-9.01,-8.371891092,0.04151718696,-8.19049653,0.05747337635,-1453347.471,0.02923654064,0.6455720866,-1453347.653,0.02692093733,0.5496403181
110,"mobley_8558116",-6.32,-5.064301269,0.03004488,-5.489127959,0.0497393545,-203908.2616,0.03839411636,0.2002748216,-203907.8368,0.009859026331,0.1670261401
111,"mobley_6190089",-2.37,-0.355993413,0.02627625524,-0.9925905559,0.04582559012,-1195641.903,0.02046933716,0.5588946067,-1195641.266,0.03147299409,0.3632782145
112,"mobley_9414831",-2.44,-3.464048783,0.03215584861,-3.392712837,0.03568848805,-265016.4284,0.01018305085,0.1729191002,-265016.4998,0.01166083424,0.1913744761
113,"mobley_6102880",-2.87,-3.131882421,0.03543188228,-3.179713143,0.03862544963,-335624.6739,0.01004215633,0.217313771,-335624.6261,0.01164741058,0.2379056104
114,"mobley_4218209",-7.48,-7.261916146,0.0314932718,-8.018915812,0.03541796775,-250594.0245,0.01216657576,0.261562466,-250593.2675,0.01070423771,0.2461629179
115,"mobley_4587267",-23.62,-18.43358562,0.1150062832,-26.1820681,0.586675592,-429060.8332,0.5738258164,1.887746643,-429053.0847,0.04105773457,0.3864185098
116,"mobley_6497672",-4.22,-3.274052552,0.02606327127,-3.188990101,0.0297755281,-144105.2976,0.01022566855,0.1773685983,-144105.3827,0.01013526846,0.1827724652
117,"mobley_1592519",-2.23,-2.667552379,0.0376200418,-2.313673512,0.07498277543,-289782.6559,0.05043666995,0.6661778315,-289783.0097,0.04078346958,0.6538874338
118,"mobley_2457863",-7.66,-7.197857792,0.03297115585,-7.906436614,0.06232075484,-262964.2944,0.0384877571,0.7758525946,-262963.5858,0.03626943506,0.5300235844
119,"mobley_4465023",-1.17,-0.06294321973,0.02102806523,-0.09469547648,0.02298473206,-621926.8113,0.006487785137,0.1504095334,-621926.7796,0.00663528633,0.1528293724
120,"mobley_6619554",-2.49,-2.536115476,0.03617100739,-2.542390748,0.08662518277,-265277.1852,0.0587479938,0.7190462619,-265277.1789,0.05238562531,0.5983648033
121,"mobley_1857976",-1.79,-0.06272892151,0.02470838537,-0.09307444726,0.02751532478,-622703.0504,0.007495270327,0.136802571,-622703.02,0.00950840222,0.162134487
122,"mobley_4338603",-15.83,-15.1857205,0.03381100382,-14.9941865,0.0388193523,-544794.7372,0.01135177604,0.2510852446,-544794.9287,0.01532629485,0.3423456406
123,"mobley_8449031",-3.22,-0.4816972907,0.03116636893,-1.966562898,0.04830314706,-182248.1049,0.03187768398,0.4557042219,-182246.62,0.01859206087,0.3036269738
124,"mobley_1352110",-3.64,-4.481922041,0.04309183175,-3.925458478,0.1695938835,-574601.9235,0.1466247798,1.240665968,-574602.48,0.07352790837,0.8279719923
125,"mobley_4149784",-3.67,-3.821128914,0.03617178411,-3.927963695,0.0423732703,-954702.7971,0.01390227691,0.2332641849,-954702.6903,0.0171412592,0.2566428218
126,"mobley_1019269",-4.72,-3.278441139,0.02768969272,-3.353988874,0.04343612282,-145632.6555,0.02423297565,0.38173234,-145632.58,0.02308117358,0.3717578673
127,"mobley_7608435",-2.04,-2.523601001,0.03924713762,-2.203530116,0.08680117848,-314288.0137,0.05891666725,0.7688247366,-314288.3338,0.05022880741,0.7295349387
128,"mobley_3151666",-3.64,-2.416810293,0.03878974665,-2.367139173,0.09582922575,-292667.0408,0.04873008692,0.6178903282,-292667.0905,0.07282839207,0.6199817882
129,"mobley_282648",-2.4,-3.350985437,0.03001731652,-3.333530867,0.03293344673,-240509.5422,0.009558414067,0.2077090351,-240509.5596,0.009602569599,0.2114735477
130,"mobley_7794077",-15.46,-17.37475315,0.03695159699,-17.45517167,0.04637546459,-468364.6513,0.01609880988,0.2854932113,-468364.5709,0.02293668495,0.4013490222
131,"mobley_2245668",-4.5,-3.270058957,0.02845253487,-3.440164427,0.04035475809,-145633.3066,0.02105031234,0.3390704925,-145633.1365,0.01938669931,0.2665268057
132,"mobley_3867265",-3.8,-3.217601085,0.02418939371,-3.126624246,0.0283431549,-120359.6317,0.0091348366,0.1607517917,-120359.7227,0.01160872182,0.2146391702
133,"mobley_7378987",-12.64,-16.78460399,0.04029767104,-16.46836559,0.04580184983,-423888.4373,0.015297503,0.2512070469,-423888.7536,0.01548849762,0.2605624433
134,"mobley_6456034",-1.69,-2.023064203,0.03630399413,-1.833922571,0.04671080595,-289795.7066,0.0226826712,0.3786682775,-289795.8957,0.01869266781,0.3461294662
135,"mobley_5220185",-5.45,-6.007867567,0.03046167592,-5.803421417,0.03329602659,-213798.7553,0.00991300558,0.2035871817,-213798.9598,0.009079868236,0.1918261455
136,"mobley_1893815",-1.43,-0.04484110547,0.02620988395,0.007541892977,0.03032704489,-1195637.924,0.009939125025,0.2318693412,-1195637.976,0.0115752075,0.2763760396
137,"mobley_7463408",-7.78,-9.003892857,0.03964180285,-9.714653013,0.1270644158,-871809.0532,0.05742182234,0.9166054618,-871808.3425,0.1061914664,0.4006469561
138,"mobley_3006808",-4.31,-3.825450797,0.02732369066,-3.979238327,0.03667703649,-282202.8244,0.01957981823,0.3631814025,-282202.6706,0.01467145706,0.2692469853
139,"mobley_4678740",1.07,-0.2380579274,0.03337489121,-0.4590300595,0.04152338129,-564875.3832,0.0162853812,0.2818139232,-564875.1622,0.01857671095,0.3111494985
140,"mobley_2913224",-9.94,-11.03596484,0.03945259656,-11.40014284,0.07356004583,-404234.8857,0.05946600262,0.6518165705,-404234.5216,0.01784285569,0.4381768404
141,"mobley_8883511",-3.93,-4.581309701,0.03075948315,-4.578035713,0.09260971283,-239884.0866,0.08675114188,0.2459165514,-239884.0898,0.01022997995,0.1762752946
142,"mobley_2043882",-3.9,-3.603849941,0.03291110812,-3.511733719,0.03681399888,-242160.0101,0.0117109319,0.2060111248,-242160.1023,0.01161824211,0.1889780175
143,"mobley_4059279",-7.58,-6.877029866,0.03273091084,-7.620075542,0.03901796379,-216053.5954,0.01641391169,0.4702770648,-216052.8524,0.01347859327,0.2518933703
144,"mobley_2960202",-3.71,-3.103194668,0.04114108741,-3.283627698,0.04498619276,-2100612.033,0.01210617133,0.2575755391,-2100611.853,0.01358709243,0.2846875075
145,"mobley_2178600",-0.1,1.137131246,0.0280032004,1.146383272,0.03817794783,-409747.3111,0.01867205247,0.3547918031,-409747.3203,0.01802029202,0.328900665
146,"mobley_6988468",-4.33,-3.454570531,0.02939794395,-3.376119631,0.03475355348,-203730.2511,0.01463720002,0.2261684929,-203730.3296,0.01137201596,0.1939553759
147,"mobley_550662",-4.42,-4.176569411,0.03237367466,-4.411236098,0.05634141643,-263846.4479,0.03084546097,0.6110623648,-263846.2132,0.03427620065,0.7406339077
148,"mobley_8260524",-0.48,0.1749119157,0.0191071993,0.1786239688,0.02467438552,-72693.70637,0.01024953344,0.172261711,-72693.71009,0.01177655722,0.1887575262
149,"mobley_3572203",-2.11,-2.33355577,0.03699140273,-2.138065775,0.0585697049,-289785.6641,0.03477398131,0.4989047058,-289785.8596,0.02920302518,0.4075458481
150,"mobley_2782339",-9.61,-11.75377417,0.03476733085,-11.35201208,0.04275361425,-319724.1997,0.01542948755,0.2631395898,-319724.6015,0.01952012169,0.3283235552
151,"mobley_7176290",-9.62,-8.273781287,0.03127501576,-8.28251955,0.06648642715,-319124.3223,0.03808734722,0.6460742188,-319124.3136,0.04462815666,0.5902901435
152,"mobley_2023925",0.1,-0.9908588702,0.03057208921,-0.5930867774,0.0783613304,-716864.811,0.05978413472,0.726119713,-716865.2087,0.04039433995,0.9102114716
153,"mobley_9100956",1.7,1.819604978,0.02834231539,1.903598242,0.03003541867,-171539.2631,0.006802023497,0.145782421,-171539.3471,0.007250655783,0.1513822968
154,"mobley_6911232",-2.1,-0.5410620253,0.02349869956,-0.569474098,0.02936401957,-121119.9972,0.01296897447,0.2066365152,-121119.9688,0.01191060306,0.1973003277
155,"mobley_186894",-1.1,-0.08650553557,0.0246310454,-0.09226124324,0.03929149329,-322453.2569,0.01942873905,0.3403319186,-322453.2511,0.0236570739,0.4693777474
156,"mobley_7532833",-3.88,-2.850382557,0.02045615088,-2.835946775,0.022164275,-82723.35728,0.006114818895,0.1115141198,-82723.37171,0.005950627479,0.1126598707
157,"mobley_9571888",-4.23,-10.15321125,0.04327052352,-9.550306649,0.04959024759,-2325905.899,0.01712088885,0.2792274226,-2325906.502,0.0171385418,0.2966693301
158,"mobley_5520946",-2.55,-1.903933605,0.02669298559,-1.813040233,0.02969840548,-392937.7722,0.008363641542,0.1817396102,-392937.8631,0.009976437685,0.2138580766
159,"mobley_2881590",-1.88,-1.393696242,0.03022897081,-1.332002945,0.1031386634,-273120.0597,0.07083821471,0.8456943655,-273120.1214,0.06859840053,0.7918563984
160,"mobley_3265457",-7.78,-8.467458266,0.04517679089,-8.700732253,0.1055142978,-691488.0868,0.06593883361,0.4472590529,-691487.8535,0.06887956749,0.2305552389
161,"mobley_9913368",-0.78,0.9627296819,0.02088155975,0.9077219844,0.02316501333,-621924.6583,0.007052259514,0.125571483,-621924.6032,0.007130493721,0.1311480321
162,"mobley_1563176",-0.99,0.04748436294,0.02668574618,0.04345600255,0.04751696236,-346959.0791,0.02760027728,0.4093029213,-346959.0751,0.0279992385,0.4663272488
163,"mobley_4287564",-4.63,-3.619000232,0.02778688594,-3.581447405,0.02922491262,-179218.0456,0.006489295367,0.1429822989,-179218.0831,0.006314549326,0.1414808989
164,"mobley_2402487",-6,-6.447615746,0.03769632956,-6.277865094,0.04563967497,-358217.8839,0.01976157389,0.4588201451,-358218.0537,0.01647564464,0.347719716
165,"mobley_8809274",-0.25,-0.616815808,0.02877821651,-0.7201413069,0.03282523822,-354816.4798,0.01072659048,0.2384058046,-354816.3765,0.0115866637,0.2522672561
166,"mobley_820789",-6.35,-6.268034717,0.02997498669,-6.283962405,0.07216029156,-191741.0601,0.04885831204,0.521968304,-191741.0442,0.04383461185,0.5340896882
167,"mobley_9794857",-2.21,-0.5491429396,0.02770022933,-0.5361386194,0.02949431313,-170125.2581,0.007283026294,0.1595934061,-170125.2711,0.007040548984,0.1490582858
168,"mobley_5935995",2.51,2.583157851,0.02690650863,2.603436212,0.0287838841,-147774.522,0.007184038405,0.15344234,-147774.5423,0.007276082003,0.1544190228
169,"mobley_8823527",-3.61,-1.719927645,0.03885351339,-1.740377334,0.04352221388,-1721132.331,0.01433037434,0.2342420052,-1721132.311,0.01338760506,0.2257529866
170,"mobley_7758918",-6.46,-6.44566969,0.02763623375,-6.43941567,0.0326222568,-167236.0417,0.01193030272,0.2523254657,-167236.048,0.01257450198,0.2496839703
171,"mobley_8208692",-4.61,-0.8112586935,0.0421944962,-0.9588288206,0.04624416289,-2580549.172,0.0129043404,0.2776368096,-2580549.025,0.0138428715,0.2968180607
172,"mobley_8785107",-2.92,-1.690293812,0.02878061906,-1.476086279,0.03069982396,-193894.7527,0.007476539995,0.1622902825,-193894.9669,0.007632595087,0.1658634293
173,"mobley_2659552",-9.76,-7.631716669,0.03804322402,-7.347344735,0.04187809686,-323400.681,0.01341569811,0.227182319,-323400.9654,0.0112475396,0.1916234379
174,"mobley_3053621",-0.9,-0.8719057172,0.02488167226,-0.9073041053,0.02936687895,-144749.1187,0.01011844146,0.1685644442,-144749.0833,0.01187152506,0.1970927023
175,"mobley_9055303",2,2.474498182,0.01427216082,2.470181204,0.01542651049,-25248.46734,0.004488318436,0.07601943317,-25248.46303,0.003760006526,0.06289492794
176,"mobley_3187514",-5.53,-5.601970755,0.03061313648,-6.36474031,0.03408889919,-203729.2301,0.0120170646,0.2407337825,-203728.4673,0.008971013377,0.1924983675
177,"mobley_6175884",-4.27,-4.590088008,0.03079990399,-4.443558236,0.03403037474,-239885.5146,0.009668483108,0.1705830239,-239885.6612,0.01076813604,0.179564834
178,"mobley_2925352",-6.13,-6.011655888,0.03037072266,-5.936527174,0.03353979553,-216111.1972,0.009556801786,0.1724435177,-216111.2723,0.01054536054,0.1811416021
179,"mobley_5371840",-3.1,-3.967487166,0.03569990177,-4.050956201,0.03925527743,-668250.5468,0.01066724144,0.231284667,-668250.4633,0.0123573371,0.2622461287
180,"mobley_4762983",1.66,2.776479936,0.02874479352,2.767147841,0.04198294828,-171504.6386,0.02324990198,0.4187548156,-171504.6293,0.0198933871,0.3987684228
181,"mobley_2390199",-2.92,-2.289786894,0.03431970797,-2.086659313,0.05709887166,-218396.9011,0.03446616077,0.5526419115,-218397.1042,0.02990856988,0.5358162547
182,"mobley_1760914",-1.14,-0.6514092035,0.02824792972,-0.6832749552,0.03097547169,-455730.5076,0.008646593767,0.1438690201,-455730.4757,0.009315080737,0.1539293479
183,"mobley_4043951",1.68,2.537675034,0.02455049909,2.55750085,0.03689092869,-122492.7504,0.02103426994,0.3204803929,-122492.7703,0.01777000569,0.3003235213
184,"mobley_1396156",-5.22,-1.446409063,0.03440874419,-1.513687384,0.03808944004,-1704608.456,0.01060352789,0.2248786312,-1704608.389,0.01242614027,0.2649269715
185,"mobley_1903702",-4.62,-3.404307234,0.02787640453,-3.450880546,0.03324017889,-145628.562,0.01269366588,0.2765789585,-145628.5154,0.0129107091,0.2557587717
186,"mobley_5747188",-3.58,-3.208239795,0.0303172094,-3.179758219,0.03741968806,-296766.4343,0.01810168658,0.2688389751,-296766.4628,0.01238663843,0.2074184472
187,"mobley_7393673",-5.33,-6.561728075,0.03584989451,-6.426911053,0.03920873025,-358131.4724,0.01083325006,0.2338044597,-358131.6072,0.01160819901,0.2469512188
188,"mobley_9883303",2.71,2.885794253,0.0296949582,2.934678922,0.03899273092,-172282.9394,0.01786915853,0.2356475802,-172282.9883,0.01786996629,0.237054816
189,"mobley_9185328",-4.39,-2.622561454,0.02640729892,-3.223327658,0.04021024586,-108748.1085,0.01995807234,0.330434821,-108747.5078,0.02282966894,0.3046015882
190,"mobley_3761215",-0.19,0.5504028326,0.0234228351,0.5697450366,0.02720581431,-909165.3758,0.008926729856,0.2127407983,-909165.3952,0.01057547267,0.2630361872
191,"mobley_2484519",-1.93,-1.860945526,0.02864475621,-1.833865415,0.03167421132,-455730.3987,0.01019587192,0.1767528355,-455730.4258,0.00887568589,0.155178367
192,"mobley_3047364",-7.65,-10.87678087,0.04883053486,-11.34602223,0.08294983784,-638532.2518,0.05605609661,0.9332117047,-638531.7826,0.03679631089,0.6911356006
193,"mobley_9139060",2.11,2.03394843,0.03032590847,2.115131302,0.03303526385,-196046.0973,0.009336638355,0.1572954532,-196046.1785,0.009192122574,0.1578211672
194,"mobley_8614858",2.67,3.040677223,0.03036253745,3.062569498,0.04825619203,-172281.383,0.02705895351,0.421655294,-172281.4049,0.02597285937,0.3883618658
195,"mobley_8765203",0.68,1.734246753,0.02421449338,1.502915327,0.03169640909,-121717.1831,0.008404516249,0.1435293905,-121716.9518,0.01864630704,0.3653145987
196,"mobley_5708811",-9.86,-10.06680049,0.03964103793,-10.09450392,0.0463780225,-906558.8825,0.01860487717,0.3218195551,-906558.8548,0.01527637486,0.2625405754
197,"mobley_8885088",0.56,1.263261282,0.02343057201,1.311537463,0.02673262687,-121751.8454,0.009108789476,0.1553402006,-121751.8937,0.009092391805,0.1597836248
198,"mobley_8798016",-7,-7.212803074,0.02927278099,-7.064731569,0.03307012162,-225365.6573,0.009798046649,0.1702828472,-225365.8054,0.01186320019,0.2073744012
199,"mobley_6081058",-3.43,-2.644918546,0.0351805572,-2.428781181,0.08585462973,-242126.6731,0.06523757683,0.6281939024,-242126.8892,0.04332902504,0.5828603709
200,"mobley_1527293",-8.42,-10.00877424,0.04351552351,-10.24192346,0.0511079245,-517111.3906,0.02189837619,0.3941092201,-517111.1575,0.01545575235,0.3147727844
201,"mobley_5977084",-4.77,-3.440498281,0.02771164343,-3.395283081,0.02908789703,-179237.8845,0.006260265876,0.1429702928,-179237.9297,0.006243367958,0.1408261014
202,"mobley_1636752",-5.1,-3.655666726,0.01963177889,-3.604662141,0.02068514385,-72116.03578,0.004304730571,0.07481879308,-72116.08678,0.004892619778,0.08865356776
203,"mobley_6060301",-3.95,-2.442105291,0.03328262299,-2.973072401,0.04875699045,-182264.1973,0.02234632995,0.4168465632,-182263.6663,0.0277516245,0.4046871654
204,"mobley_3378420",-3.88,-2.717466868,0.03696814927,-2.918375548,0.07892877731,-268161.3195,0.05593223273,0.6529058706,-268161.1186,0.04164964788,0.5374598219
205,"mobley_7066554",-7.03,-6.044483033,0.0294931229,-6.016876942,0.03177193833,-478082.1581,0.007700686057,0.1696268617,-478082.1857,0.008961651691,0.1976581679
206,"mobley_9257453",-7.29,-5.750670951,0.03212584854,-5.863974652,0.04544611642,-764554.4318,0.02268836722,0.4371824323,-764554.3185,0.02277097596,0.376179641
207,"mobley_588781",-0.04,-0.01629247814,0.03706814227,0.1196243646,0.05933712555,-291780.8734,0.03010305843,0.4768484108,-291781.0093,0.0352229069,0.4954937204
208,"mobley_9740891",-4.71,-3.673917001,0.03036784307,-3.746239736,0.03211371048,-775179.1246,0.006741301075,0.1517878925,-775179.0523,0.007977428666,0.1693081035
209,"mobley_1571523",-6.16,-5.549961676,0.0328438912,-5.564608239,0.03704356095,-240620.9978,0.01060643206,0.2643048662,-240620.9831,0.01345391457,0.3208375929
210,"mobley_7977115",-4.06,-2.88189687,0.0315425797,-3.044705368,0.04723875551,-194642.842,0.02443550714,0.4756795436,-194642.6792,0.02528777727,0.4682650138
211,"mobley_2771569",-7.77,-7.761955145,0.03181159981,-8.146759216,0.0343882254,-191547.0556,0.009233333385,0.2000656594,-191546.6708,0.009236759071,0.1929488122
212,"mobley_4219614",-1.34,-0.5372202495,0.02999119207,-0.6231010903,0.0337668263,-1290644.21,0.009996421988,0.1710729163,-1290644.124,0.01186585453,0.2047611072
213,"mobley_3999471",-0.84,0.1350706417,0.02264952315,0.1770771398,0.0244646599,-622699.8114,0.006134445864,0.1359111843,-622699.8534,0.006920062053,0.1609738807
214,"mobley_3843583",-7.28,-8.22024816,0.03374167211,-9.003412212,0.03827911898,-274988.8347,0.01507874401,0.3103108765,-274988.0515,0.00997105772,0.2106363032
215,"mobley_5063386",-4.58,-5.367844406,0.03561741901,-4.063684954,0.07552571418,-319116.9323,0.06417544795,1.71376766,-319118.2365,0.01780575315,0.3347742456
216,"mobley_6804509",-1.34,-0.2962052894,0.03016952906,-0.3893014022,0.03435459717,-1290641.937,0.01075961607,0.1899437117,-1290641.844,0.01242048811,0.2016951573
217,"mobley_3515580",-5.94,-5.089032347,0.0408390283,-4.925119006,0.04526632701,-262998.1519,0.0138025343,0.2340819983,-262998.3158,0.01380956825,0.2504741696
218,"mobley_5665561",-2.47,-3.127105188,0.03599764019,-3.068714908,0.03811578103,-289519.567,0.008699185607,0.1836461319,-289519.6254,0.009017030205,0.1931623851
219,"mobley_6861308",-9.13,-9.699608483,0.0455876707,-10.27697805,0.09202212882,-333346.6948,0.0200843095,0.7989223055,-333346.1174,0.07737219775,1.162800672
220,"mobley_6195751",-8.68,-10.16177362,0.04282390987,-10.39382796,0.04935097503,-977952.1352,0.01923752721,0.4210104991,-977951.9031,0.01521673508,0.3067790423
221,"mobley_2123854",-10.17,-9.031502158,0.0314591419,-8.948260015,0.03347039837,-249092.2835,0.007458821406,0.1631560838,-249092.3668,0.008657709923,0.1919020003
222,"mobley_2850833",-4.68,-8.258830858,0.03860407844,-0.7919706401,0.07176602197,-262224.1868,0.05926216671,0.2796950387,-262231.6537,0.01216892079,0.2257015626
223,"mobley_7010316",-5.46,-4.23516399,0.03056156705,-4.204925849,0.03248627252,-193900.0777,0.008203226411,0.1738640971,-193900.108,0.007352251241,0.1572740789
224,"mobley_8118832",-5.03,-3.517601732,0.02526800845,-3.725687274,0.04131787497,-120348.0837,0.02560510937,0.3906655349,-120347.8756,0.02032419532,0.2956719018
225,"mobley_4780078",-6.01,-4.970879951,0.03412187965,-6.158734484,0.1191269009,-240622.2591,0.03061386955,1.038336236,-240621.0713,0.1099532029,0.5906907218
226,"mobley_7542832",-1.16,0.1320456126,0.0308117722,0.1801374519,0.03606002479,-194639.4465,0.01357626575,0.222188654,-194639.4946,0.0129091088,0.2151559664
227,"mobley_6978427",-3.3,-3.840286355,0.03426377573,-3.713292742,0.04167868087,-289051.1407,0.01715773718,0.3913035586,-289051.2677,0.01639262539,0.2951948413
228,"mobley_7814642",-1.12,-0.4214327286,0.02866221256,-0.5017658881,0.03047194918,-1004169.914,0.007264696046,0.1627940943,-1004169.833,0.007364879446,0.164966516
229,"mobley_2636578",-4.8,-4.844725381,0.03571366637,-7.22712917,0.6090274378,-422963.4372,0.575913959,1.542704168,-422961.0548,0.1948385638,1.259116795
230,"mobley_5747981",-5.73,-5.115757447,0.03959304684,-6.333953952,0.08996008698,-335260.5059,0.07576557187,0.9158958903,-335259.2877,0.02801403238,0.4423230237
231,"mobley_6303022",-4.73,-3.342471664,0.02971123766,-3.349366433,0.03392484972,-203725.8694,0.01092326211,0.18118792,-203725.8625,0.01219918562,0.1991977784
232,"mobley_6338073",-6.68,-11.27944414,0.05043951851,-10.69606499,0.1089895809,-663009.0722,0.08954590197,1.164774692,-663009.6556,0.03627830134,0.6911032769
233,"mobley_2310185",-5,-3.698045769,0.02272951334,-3.740183787,0.02912112574,-96617.93604,0.01226834677,0.2373010422,-96617.89391,0.01344979015,0.2493426571
234,"mobley_7497999",-4.58,-5.242180218,0.03153424225,-5.132633626,0.03338010773,-239882.4627,0.007823573001,0.1692697299,-239882.5723,0.007656034407,0.168395778
235,"mobley_4584540",-4.59,-3.704342735,0.02950121183,-3.618781777,0.03204001721,-203712.413,0.008480535673,0.1443028137,-203712.4986,0.009182685757,0.1571712729
236,"mobley_2295058",-9.51,-9.810569133,0.03484652723,-9.49302413,0.03893098396,-333625.5316,0.01082939258,0.1937379545,-333625.8492,0.01356706706,0.2270694212
237,"mobley_5600967",-11.01,-9.12139906,0.03882291187,-8.994087489,0.04751261166,-370260.1288,0.02000022323,0.3111866829,-370260.2562,0.01871418849,0.304231782
238,"mobley_1899443",1.47,2.59174722,0.02822827121,2.554410445,0.0385325219,-146996.8524,0.02029630011,0.329269098,-146996.815,0.01661265031,0.3225254936
239,"mobley_8191186",0.06,0.3992567889,0.0225457979,0.3397765712,0.02675678215,-521769.2921,0.009535923632,0.2256454544,-521769.2326,0.01080178449,0.257147798
240,"mobley_4603202",-4.23,-2.522686763,0.04152835164,-2.439068982,0.04828885645,-718584.9582,0.02025831761,0.2934960264,-718585.0418,0.01402890711,0.2307362263
241,"mobley_1659169",-7.17,-6.390500386,0.02870495462,-6.29029912,0.03938597997,-179407.9001,0.02197809409,0.3435230845,-179408.0003,0.01562831975,0.2984318623
242,"mobley_3525176",-0.23,-0.125042421,0.03498817833,-0.09561840604,0.05031201988,-267275.0521,0.0245816414,0.4362456743,-267275.0815,0.02651168851,0.4213457336
243,"mobley_6359156",-2.46,-2.416363918,0.0360436413,-2.377563204,0.03971933272,-861712.7206,0.01245735454,0.2021022863,-861712.7594,0.01110385657,0.1901559519
244,"mobley_8739734",-3.24,-2.821224576,0.02859532233,-2.802273251,0.03296419376,-169385.7333,0.01233004524,0.2168839092,-169385.7522,0.01081275152,0.1876732736
245,"mobley_397645",-3.64,-4.891925731,0.034026827,-4.635083886,0.03624051075,-311278.0669,0.009067308449,0.2051659091,-311278.3237,0.008563502858,0.1870916681
246,"mobley_3573480",-3.04,-2.638399845,0.03375047547,-2.419466978,0.07878664455,-218389.4672,0.05277903299,0.6037582926,-218389.6861,0.04777671442,0.551509591
247,"mobley_2996632",-1.08,0.1201716066,0.02100821289,0.1564117032,0.02399632434,-884661.3186,0.007821134729,0.1844085914,-884661.3548,0.008562033922,0.2073363442
248,"mobley_4561957",2.34,2.587195682,0.02761841621,2.63429425,0.03059588472,-147776.7696,0.009450446263,0.2044202026,-147776.8167,0.009166259501,0.2068315441
249,"mobley_1235151",-2.82,-1.403264608,0.02977480048,-1.435345864,0.07436672921,-250770.6977,0.05548536912,0.8091076627,-250770.6656,0.03956318342,0.7965329657
250,"mobley_8764620",-6.75,-5.856068707,0.02837561481,-5.800529222,0.02970314037,-212204.0915,0.005672153429,0.1261699324,-212204.1471,0.006702813399,0.1458082978
251,"mobley_7039935",-7.67,-7.971050762,0.03478374134,-9.261302678,0.09817870479,-287376.791,0.01828331612,1.222543705,-287375.5008,0.08997149418,1.055312159
252,"mobley_4479135",-2.78,-3.065034357,0.0369992535,-2.90581384,0.04257061116,-336999.8402,0.01853975549,0.3384864604,-336999.9994,0.00997946097,0.2234895723
253,"mobley_4924862",-2.13,-3.121015092,0.03563107865,-2.571960909,0.04672813707,-240776.7319,0.02768665392,0.9970140974,-240777.281,0.01214060226,0.2740588683
254,"mobley_2661134",-9.65,-8.370758595,0.03186210722,-8.725153768,0.07051307037,-249095.2916,0.03478130043,0.7543250083,-249094.9372,0.05241336048,0.5653826981
255,"mobley_6235784",0,0.8403158968,0.02497868239,0.8112404209,0.03330661936,-385241.5118,0.01584924793,0.2446033501,-385241.4827,0.01530351787,0.2141737708
256,"mobley_5499659",-8.41,-6.070395403,0.02695677597,-6.125249869,0.03152958643,-165498.2378,0.00952216024,0.2064543726,-165498.183,0.01329569533,0.2531302653
257,"mobley_1502181",-2.49,-2.267236956,0.0376234652,-2.130602585,0.07456893033,-267401.1165,0.05110316933,0.6199781637,-267401.2531,0.03915949848,0.5972883541
258,"mobley_6055410",-9.4,-8.439925242,0.05137319645,-8.054254277,0.06217413801,-576785.9819,0.03263377385,0.869031047,-576786.3676,0.01270649156,0.2700739641
259,"mobley_9626434",-6.69,-4.659668852,0.03338095706,-5.228309982,0.04213047133,-192507.9076,0.02357943884,0.478040485,-192507.339,0.01023222283,0.1638018568
260,"mobley_8320545",-3.71,-1.906647521,0.02260916942,-1.895381599,0.02914414903,-177253.0619,0.01249427094,0.2573375577,-177253.0731,0.01349444606,0.2740171673
261,"mobley_6739648",-5.06,-3.769481065,0.02609981394,-3.653193667,0.02727273041,-191768.6389,0.005458692822,0.120882008,-191768.7552,0.005727495876,0.1308008271
262,"mobley_2451097",-4.1,-3.619349601,0.02741455434,-3.612112104,0.02925404717,-202237.6306,0.006773358354,0.1491473077,-202237.6379,0.007639574778,0.1663728931
263,"mobley_637522",-3.95,-5.471090614,0.03609815027,-5.348580067,0.04189672262,-336265.007,0.01425134462,0.229417473,-336265.1295,0.0157847423,0.2559234843
264,"mobley_766666",-0.44,0.7057214171,0.02288397626,0.5810053739,0.02489505503,-908395.0107,0.006652952588,0.1501538205,-908394.886,0.007199001129,0.1717396997
265,"mobley_4983965",-1.46,0.3921239975,0.02647319347,0.3341043588,0.06693731617,-346954.1516,0.04373178268,0.6148872959,-346954.0936,0.0432123305,0.6365613974
266,"mobley_9653690",-4.44,-3.661035003,0.03645484405,-4.189531229,0.08896591738,-290368.8515,0.0741024827,0.5482884396,-290368.323,0.03308777505,0.3471696957
267,"mobley_4553008",-1.01,-0.4544666936,0.02752149697,-0.5096083728,0.03056942456,-717696.8168,0.009607969254,0.1660263676,-717696.7617,0.009205642262,0.1634298445
268,"mobley_5510474",-3.81,-3.489134003,0.03921183626,-3.616367441,0.04336835169,-1527674.074,0.01240198105,0.2544013359,-1527673.947,0.01376360024,0.2882568863
269,"mobley_8691603",-5.49,-5.878965932,0.03106383256,-6.189917855,0.04698646917,-216108.0098,0.02248838674,0.560704519,-216107.6989,0.02714846318,0.4085262193
270,"mobley_5056289",-3.3,-1.793640708,0.02703914977,-1.669113545,0.02929499436,-169390.375,0.008242953909,0.1420635387,-169390.4995,0.007689914524,0.1300076418
271,"mobley_5006685",-4.09,-4.060867783,0.03621381875,-4.332186353,0.08807104722,-289626.6476,0.05138230387,1.209312045,-289626.3763,0.0616840947,0.9577732046
272,"mobley_1363784",-4.84,-3.120574173,0.02958342851,-3.038457528,0.0310180364,-203751.3849,0.006064303042,0.1334092399,-203751.467,0.007082624406,0.1541240704
273,"mobley_2328633",2.55,2.557477425,0.0344534884,2.762881407,0.04550256908,-245055.7074,0.02118620369,0.3733530401,-245055.9128,0.02084671923,0.3528400972
274,"mobley_3060426",2.93,3.098460626,0.03408077166,3.170930422,0.03642227812,-221291.9921,0.008605753154,0.1802286064,-221292.0645,0.009540668716,0.1957435629
275,"mobley_5052949",-1.28,0.8007347042,0.03164754738,0.742324653,0.1052343576,-395966.8681,0.07277963513,0.7243457003,-395966.8097,0.06910736202,0.7851185188
276,"mobley_6430250",-0.53,-0.468069814,0.03195426857,-0.4661400601,0.03886111802,-218263.4833,0.01648639018,0.3216575463,-218263.4852,0.01474144339,0.3181520607
277,"mobley_4936555",-6.78,-9.418382669,0.04710246458,-8.767064492,0.1252945852,-489716.8162,0.1147620894,0.9559710482,-489717.4675,0.0175998225,0.3340649666
278,"mobley_4883284",-5.49,-5.801216162,0.02792348609,-6.529122063,0.0334488618,-179217.4106,0.01479543825,0.2411983525,-179216.6827,0.01096358916,0.1847270989
279,"mobley_5076071",-5.66,-8.398539065,0.04736022018,-8.325904643,0.08905982373,-776713.8032,0.064404584,0.6753072447,-776713.8758,0.03925189559,0.5740739652
280,"mobley_197466",-4.61,-3.115451355,0.02801674619,-3.066186639,0.03771390609,-168635.3858,0.017460902,0.3093093615,-168635.4351,0.01823506368,0.3503860584
281,"mobley_5110043",-2.63,-3.089674324,0.03479235027,-3.000831627,0.03704642522,-289516.073,0.009058925622,0.1878605186,-289516.1619,0.008936769597,0.1902924859
282,"mobley_9112978",1.31,2.413229056,0.02500912016,2.418531172,0.02764375855,-122494.7834,0.008745577517,0.1560765086,-122494.7887,0.007888990381,0.1667636954
283,"mobley_5627459",-2.86,-2.690541288,0.0258300527,-2.501289954,0.03108829727,-144885.2329,0.01157933197,0.1988019054,-144885.4222,0.0128533916,0.2149706383
284,"mobley_4683624",-5.21,-5.740107028,0.03475136444,-5.694855668,0.04078683654,-265121.8921,0.01475454041,0.306755201,-265121.9373,0.01543412589,0.319140982
285,"mobley_8337977",-3.05,-2.813687213,0.03034470506,-2.842363265,0.04573098073,-193881.5408,0.02697150201,0.6141986572,-193881.5121,0.02104897986,0.5572336371
286,"mobley_7463799",-6.92,-6.082240303,0.03762881772,-6.068728285,0.05552543707,-265131.6766,0.03318020584,0.4229422687,-265131.6901,0.02379538147,0.4038907461
287,"mobley_8057732",-6.62,-5.797974809,0.03072134608,-6.201853487,0.04777492224,-478077.4597,0.02346150056,0.5785724499,-478077.0558,0.02807490129,0.3876712767
288,"mobley_8011706",-7.81,-6.196591278,0.02661926609,-6.072804929,0.03135715859,-154875.4888,0.01131957888,0.2040526944,-154875.6126,0.01210591599,0.2131743238
289,"mobley_9007496",-9.45,-10.73801207,0.03941506832,-10.02984765,0.05038731876,-416998.7991,0.02433189316,0.6322242632,-416999.5073,0.01983162264,1.06259872
290,"mobley_1075836",-2.93,-3.333395352,0.0278573151,-3.189730923,0.03210420888,-191759.8626,0.01083275713,0.2434162095,-191760.0063,0.0117175764,0.2394469574
291,"mobley_8492526",-3.03,-2.639730234,0.02926787729,-2.515042189,0.05491723276,-169382.6817,0.03776322037,0.5609128292,-169382.8064,0.02707827544,0.4890893981
292,"mobley_6571751",0.67,1.325498323,0.02818213634,1.333719562,0.02968189638,-170764.0792,0.006592057096,0.1446972687,-170764.0874,0.006582320794,0.144177043
293,"mobley_4630641",-4.84,-3.451524374,0.03112393488,-3.74878315,0.03526077953,-192500.8248,0.01115297597,0.2365520765,-192500.5276,0.01225701339,0.2160733417
294,"mobley_2487143",-3.28,-2.665197425,0.03147655412,-2.638578324,0.0614232567,-193883.6097,0.04259203369,0.5416440672,-193883.6363,0.03111208238,0.4653033495
295,"mobley_3425174",-0.77,-0.2043705925,0.01821498823,-0.1772389818,0.01958937449,-373560.5665,0.004890444732,0.1138275105,-373560.5936,0.005295408121,0.1279568498
296,"mobley_3040612",-0.85,-0.7918718026,0.03151543202,-0.825690656,0.03715082313,-218263.2679,0.01345978814,0.2326025306,-218263.2341,0.01434556749,0.2339327124
297,"mobley_3682850",-4.91,-3.787651841,0.02838367844,-3.711031974,0.03228357309,-193145.2565,0.0125222531,0.198266911,-193145.3332,0.008932472619,0.1612539203
298,"mobley_3144334",-5.91,-5.381724583,0.03238493588,-5.344533995,0.03834837127,-240618.382,0.01314784103,0.3324051421,-240618.4192,0.0157780792,0.393612326
299,"mobley_778352",1.31,2.314387912,0.02466339707,2.285637649,0.02751285733,-122499.2841,0.007278745322,0.1256241006,-122499.2554,0.009782332536,0.1549122758
300,"mobley_1800170",-1.14,-0.179097617,0.02102496694,-0.1643725704,0.0295791568,-297946.819,0.01275003874,0.3037530704,-297946.8337,0.0164412224,0.4212061853
301,"mobley_9407874",-2.88,-2.361404748,0.03623643985,-2.172231608,0.06329691926,-242895.6363,0.0406101655,0.626267963,-242895.8254,0.03231462321,0.5684477394
302,"mobley_2972345",-3.78,-4.540070958,0.03666397819,-4.566062303,0.04169081455,-337026.0157,0.01559957818,0.3406050634,-337025.9897,0.01226906201,0.2791775501
303,"mobley_3034976",-6.69,-12.4251976,0.02866042687,-13.25146023,0.04226156924,-142720.9427,0.007330052247,0.1272335967,-142720.1164,0.03018096255,0.6487518333
304,"mobley_5571660",-5.21,-5.160949441,0.03216166118,-5.839182312,0.03686160076,-228240.9353,0.01282312209,0.2235236018,-228240.2571,0.01264803149,0.2143992101
305,"mobley_1967551",-3.5,-3.172173704,0.02102242978,-2.996395177,0.02548696089,-95858.65382,0.009362241263,0.1758266145,-95858.8296,0.01095404308,0.2133961248
306,"mobley_3969312",-4.02,-5.135544773,0.02924690298,-4.947429189,0.03170161368,-215381.5316,0.008352504039,0.1804110412,-215381.7197,0.008935695416,0.1931452088
307,"mobley_7099614",-0.57,0.8864214974,0.02230956576,0.8173836671,0.02647007464,-359958.9199,0.009425356199,0.1620610596,-359958.8508,0.01068226509,0.1683501858
308,"mobley_3746675",-1.24,-1.291581574,0.03033550866,-1.058988249,0.03850553537,-217490.6695,0.02041307326,0.3046186393,-217490.9021,0.01207226611,0.209048738
309,"mobley_6474572",-0.59,1.088047745,0.0193757184,1.048727036,0.02090752999,-335451.3446,0.005526861675,0.1291415563,-335451.3053,0.005582127456,0.1295363138
310,"mobley_2078467",-7,-7.552656468,0.04281318259,-7.682730349,0.05529209872,-409274.0312,0.02905778676,0.4314854942,-409273.9012,0.01949083391,0.3111193633
311,"mobley_9617923",-2.34,-2.103302994,0.03821676198,-2.019354294,0.08270771233,-291906.9497,0.05626378575,0.6558609392,-291907.0336,0.0470577432,0.5937488079
312,"mobley_5759258",-4.57,-3.252679043,0.03011878437,-3.374164967,0.05576742807,-170137.7236,0.03801463555,0.4851728373,-170137.6021,0.02752730181,0.4245053035
313,"mobley_6239320",-18.06,-21.48332225,0.03703599207,-21.13466935,0.05106681527,-315039.0605,0.01960422671,0.3505787271,-315039.4091,0.02918611328,0.4843069983
314,"mobley_1079207",-0.98,-0.4148595381,0.02743366629,-0.468084166,0.03013184792,-717694.8295,0.008749344505,0.1517941193,-717694.7762,0.008875313132,0.1515475184
315,"mobley_2261979",-3.15,-4.320414756,0.03398583365,-4.237628564,0.03878475721,-288781.0189,0.01135329018,0.1933636155,-288781.1017,0.01484329157,0.2443532964
316,"mobley_20524",-6.6,-6.173319617,0.02922377842,-6.143146896,0.03265882071,-191606.635,0.00928132138,0.1558553074,-191606.6652,0.0112439503,0.1986477081
317,"mobley_5467162",-5.91,-5.79434842,0.03573937704,-5.794911498,0.03923135861,-289624.4513,0.01102957568,0.1788485098,-289624.4507,0.01183828059,0.2053544459
318,"mobley_1424265",-0.83,-0.7862837461,0.02959453688,-0.7695567334,0.03260256059,-193755.4379,0.009593620193,0.1620052331,-193755.4547,0.009749502313,0.1547373336
319,"mobley_8899867",-5.49,-4.410893225,0.02802543767,-4.274487998,0.03185219364,-169390.5927,0.0107167987,0.2365453612,-169390.7291,0.01069052424,0.2542816493
320,"mobley_4613090",-7.63,-8.398727428,0.03517053862,-8.119953552,0.04937671607,-309503.4607,0.02756877764,0.3850326036,-309503.7395,0.0210013286,0.3148630071
321,"mobley_8789864",-6.4,-6.455757459,0.04495580653,-8.528575205,0.05214667594,-321324.9606,0.01975616886,0.8747405877,-321322.8877,0.01754836355,0.2916171779
322,"mobley_6917738",-6.55,-5.199311815,0.04465162473,-6.115086916,0.05719237056,-155630.8783,0.03353351997,0.4297444988,-155629.9625,0.01235729328,0.2041469769
323,"mobley_6727159",-8.18,-6.288986338,0.03127152078,-7.49434493,0.08229635762,-270986.6125,0.06225602678,0.9828734482,-270985.4071,0.04380604518,0.7591603778
324,"mobley_5286200",-2.32,-0.6777277298,0.0296139102,-0.6860897138,0.03492306949,-671718.264,0.01327206354,0.2659531456,-671718.2556,0.0129030785,0.2672474853
325,"mobley_3777264",-8.84,-8.406213757,0.03172915411,-9.119753992,0.03748437512,-306738.0952,0.01587824361,0.2581859713,-306737.3817,0.01209216841,0.1954056883
326,"mobley_1735893",-6.21,-5.988600622,0.03442207133,-6.227605542,0.08365245102,-240752.7319,0.06351649696,0.6682090049,-240752.4928,0.04217236275,0.578408878
327,"mobley_511661",0.56,1.903257182,0.02175522689,1.844767744,0.02383068293,-97213.67322,0.006867345844,0.1546370676,-97213.61473,0.006888476831,0.1552942302
328,"mobley_2316618",-14.21,-13.77737875,0.06979076436,-15.02081273,0.1586329914,-559681.2111,0.1313274304,0.6940369609,-559679.9676,0.0551976556,0.8032910291
329,"mobley_7326982",-4.74,-3.615297582,0.02488219392,-3.568155481,0.0279774362,-121119.5628,0.009343142987,0.1512125603,-121119.6099,0.008736076975,0.1420592065
330,"mobley_5310099",1.58,2.688145365,0.02691601313,2.753657719,0.04692825335,-146998.7715,0.02807046927,0.3705980681,-146998.837,0.02626476642,0.3716335059
331,"mobley_9557440",-17.74,-16.54366224,0.03502506449,-16.44230868,0.04132885226,-544846.4575,0.01238406005,0.2284657894,-544846.5589,0.01810949872,0.326726819
332,"mobley_7047032",1.09,0.6560975441,0.02523465891,0.6914119317,0.02833067243,-385235.4984,0.008680177292,0.1460985163,-385235.5337,0.009512807803,0.1623819231
333,"mobley_2049967",-1.5,0.5741269798,0.02432826297,0.5130388817,0.0585897662,-322450.1587,0.03611764106,0.5187630388,-322450.0976,0.03919709593,0.5681528474
334,"mobley_5816127",-6.62,-4.802840846,0.03129364995,-5.986483137,0.04312635217,-168003.0153,0.02545468397,0.6276539617,-168001.8317,0.01525282886,0.1772974298
335,"mobley_299266",1.16,2.324403667,0.02205508677,2.309838489,0.02423240545,-97986.39599,0.006751467555,0.121209697,-97986.38143,0.007429690919,0.1256545771
336,"mobley_5852491",1.59,1.86851685,0.02608026474,2.001013579,0.02784664489,-147031.3572,0.006997239931,0.1533629668,-147031.4897,0.006803973565,0.1497015473
337,"mobley_9534740",-25.47,-19.63625245,0.05848520279,-27.33640552,0.3510443792,-428309.9857,0.3410597816,1.992250716,-428302.2855,0.05907505903,0.5031658696
338,"mobley_2689721",1.23,1.609255298,0.02678447167,1.669773849,0.03010702684,-147032.4903,0.00968228224,0.1644861613,-147032.5508,0.009761073363,0.1649604467
339,"mobley_1160109",-3.75,-3.222729515,0.03629179749,-3.250172573,0.04262922741,-290393.2077,0.01834893442,0.2998912457,-290393.1803,0.01278565877,0.253347957
340,"mobley_49274",0.6,0.7821629139,0.02902123494,0.8033439006,0.05855331121,-170716.5101,0.03215525938,0.4819138121,-170716.5313,0.03939920646,0.4744981145
341,"mobley_7106722",2.51,2.78156874,0.02735926475,2.845997875,0.03120033163,-147775.7167,0.01170381235,0.2089077891,-147775.7811,0.009378278227,0.1821909064
342,"mobley_3201701",-9.41,-12.00990632,0.04727668823,-12.30325843,0.06060878954,-498030.737,0.03347432528,0.7501130362,-498030.4437,0.01782721701,0.3550542213
343,"mobley_2126135",-5.66,-4.644223313,0.03431908006,-6.175945223,0.1022021249,-240622.4195,0.02793656263,1.134318785,-240620.8877,0.09212504303,0.5718573522
344,"mobley_6353617",-8.26,-7.294706312,0.0331734473,-7.967510721,0.06791562336,-249829.1839,0.05885363275,0.578380486,-249828.5111,0.006950122462,0.1529190001
345,"mobley_7943327",-2.68,-2.68319107,0.02977248391,-2.51286961,0.03782034494,-216266.0667,0.01706098683,0.2871016352,-216266.237,0.01590284319,0.2451038045
346,"mobley_4687447",-6.4,-4.194797251,0.03527274499,-5.514005224,0.04709101246,-217014.6992,0.02993413709,0.7245607345,-217013.38,0.008794563772,0.177120985
347,"mobley_1875719",-3.41,-2.695659662,0.02854768599,-2.63097635,0.03388170568,-169387.244,0.01352082245,0.2960883149,-169387.3086,0.01225507913,0.2535796343
348,"mobley_4395315",-6.79,-5.777042508,0.03222607862,-5.962334657,0.05263164067,-502585.9178,0.02939970868,0.4597113968,-502585.7325,0.02944871112,0.3427842715
349,"mobley_9121449",-0.16,0.3722221644,0.02227099319,0.4043231383,0.02609685467,-97198.43085,0.008662471282,0.1874054604,-97198.46295,0.01048857843,0.2070560895
350,"mobley_4690963",-3.54,-3.090826612,0.03566080186,-3.110842053,0.03868620419,-241509.6091,0.0110647527,0.2131786729,-241509.5891,0.01012427051,0.2197743695
351,"mobley_3318135",-2.64,-1.970567039,0.03841747733,-1.889912046,0.07855085588,-267407.965,0.05357343934,0.7014380037,-267408.0457,0.04271090015,0.5857189265
352,"mobley_8048190",-9.71,-8.598067763,0.02576995518,-8.672415736,0.02878501328,-130328.9113,0.008742772508,0.15026608,-130328.8369,0.00938351365,0.1615912939
353,"mobley_1615431",-0.53,-0.1096396786,0.03050571104,-0.02342892282,0.03360797174,-194632.332,0.01070678921,0.1764183238,-194632.4182,0.009179434799,0.155247344
354,"mobley_1781152",-2.4,-2.977253279,0.03095358437,-2.825974587,0.03435655596,-240787.2418,0.01096546937,0.1859679102,-240787.3931,0.01009985314,0.1700298044
355,"mobley_7860938",-3.24,-1.405866232,0.03808076808,-1.454734368,0.06756864778,-231268.4478,0.03542446585,0.4716808436,-231268.3989,0.04313333379,0.5854428577
356,"mobley_6973347",-2.94,-2.668383741,0.02778947359,-2.540996358,0.0306473545,-191749.4886,0.008752432901,0.1667101461,-191749.6159,0.009507913219,0.1646180636
357,"mobley_6794076",-7.62,-7.580276813,0.03161744228,-7.499374835,0.03297846024,-249866.0414,0.006355292025,0.1416343123,-249866.1223,0.006893942748,0.1534068876
358,"mobley_9974966",-1.21,0.1512047394,0.03083903977,0.06542981321,0.03406008118,-395959.4586,0.01023458702,0.2131645133,-395959.3728,0.01021254053,0.201828432
359,"mobley_3264884",-7.47,-8.328317543,0.03379320584,-8.952780939,0.03924019154,-274978.2964,0.01551197938,0.2556349795,-274977.672,0.01253755823,0.2111476636
360,"mobley_6257907",-5.82,-5.667377686,0.02911458487,-6.413909365,0.03192063895,-465688.2596,0.01017307254,0.223480996,-465687.5131,0.00823266262,0.176302551
361,"mobley_2492140",-1.23,0.03340085772,0.02738083988,0.06556499802,0.0326267486,-1482105.638,0.0117468069,0.2765490555,-1482105.67,0.01329687403,0.3010112512
362,"mobley_4850657",-4.87,-6.840470965,0.02687105863,-5.857064775,0.02918566413,-653593.9062,0.009847127148,0.2101076554,-653594.8896,0.005725669022,0.1289616724
363,"mobley_1674094",0.29,0.6834937417,0.02648616027,0.6721621299,0.05061430466,-146210.7975,0.03201858203,0.4551487492,-146210.7862,0.02889812374,0.4289145367
364,"mobley_313406",-4.85,-3.542122105,0.02552395971,-3.698152677,0.03657060358,-121125.8244,0.0178193137,0.3287280475,-121125.6684,0.01919397264,0.3250518933
365,"mobley_525934",-1.2,-0.07119804692,0.01858372466,-0.1156433232,0.01991576758,-273443.3889,0.004282353962,0.07372329335,-273443.3444,0.005739723048,0.09664494321
366,"mobley_3325209",-4.04,-5.722480345,0.03808555102,-6.27694559,0.06329707038,-383366.0364,0.03312763027,0.5940606809,-383365.4819,0.03819122982,0.411111311
367,"mobley_7869158",-1.82,-1.732841962,0.02901513119,-1.865862605,0.08734060557,-273116.3809,0.0714188374,0.8924135846,-273116.2479,0.04105914281,0.8687676424
368,"mobley_2269032",-10.21,-12.18269257,0.04325137502,-12.47526316,0.0638985318,-478379.7874,0.03748276064,0.772157289,-478379.4949,0.02841449592,0.6552634845
369,"mobley_3639400",-0.16,1.048301357,0.02545551517,1.134572739,0.03254299266,-385241.5351,0.01434258921,0.258993687,-385241.6214,0.01433015189,0.2676010247
370,"mobley_172879",-3.15,-4.314499622,0.03559879712,-4.374225541,0.04044680732,-381782.4573,0.01095580832,0.239119631,-381782.3976,0.01576832679,0.3072325372
371,"mobley_486214",-6.96,-7.319688542,0.03586383528,-8.093206135,0.04348542141,-334378.2056,0.01490007764,0.3495265654,-334377.4321,0.01956412228,0.3100548892
372,"mobley_3976574",-4.15,-2.869081937,0.04078931279,-3.012631906,0.04642800033,-1814125.272,0.01379890813,0.2348389788,-1814125.129,0.01736033731,0.2645201007
373,"mobley_5518547",-5.57,-5.70643575,0.03044137045,-6.380531437,0.03334604055,-203722.7273,0.01074554652,0.2302674473,-203722.0532,0.008355514058,0.1785986513
374,"mobley_3269565",-2.01,-0.5019007096,0.02589693379,-0.4756384903,0.0284082757,-145623.9146,0.008286960532,0.1355078143,-145623.9408,0.008228318987,0.1340709903
375,"mobley_1139153",2.89,2.834066308,0.03068691136,2.853743066,0.0334125769,-196786.6749,0.008875838887,0.1967792094,-196786.6946,0.009794552079,0.1981948846
376,"mobley_6854178",-2.02,-3.777170618,0.03316692786,-2.123366975,0.1064945172,-191758.7465,0.100725046,0.6333431017,-191760.4003,0.009772522726,0.173951451
377,"mobley_6201330",-9.37,-9.808321531,0.04033936402,-9.486410586,0.04406443351,-382634.8802,0.01228368689,0.2584454727,-382635.2021,0.01278753484,0.2724253096
378,"mobley_7200804",-5.29,-4.12379621,0.03646734758,-4.002889962,0.04052907688,-253465.6041,0.01466950022,0.2341223088,-253465.725,0.009876456686,0.1684157202
379,"mobley_1858644",-6.79,-5.786258173,0.0345974954,-6.528329518,0.05772880341,-240628.0879,0.04129111192,0.6880865623,-240627.3458,0.02075264156,0.3643556646
380,"mobley_8573194",-3.18,-2.79210214,0.02756542109,-2.679015057,0.045596077,-144876.9146,0.02829570011,0.4380802562,-144877.0277,0.02277066432,0.4253631407
381,"mobley_7017274",-3.88,-5.595125873,0.03528770707,-5.472171269,0.03882073676,-336277.7944,0.01019983789,0.2213626614,-336277.9173,0.01256147442,0.2470134153
382,"mobley_5311804",-6.62,-5.627408858,0.03062619071,-5.761522686,0.04666802039,-216123.3168,0.03327544018,0.4418278143,-216123.1826,0.01151892577,0.2054739295
383,"mobley_3266352",-1.92,-3.312162027,0.03555450402,-4.370301053,0.04636775602,-438331.5657,0.01804356613,0.4242219833,-438330.5075,0.02367014498,0.4801331028
384,"mobley_628951",-2.28,-1.989469918,0.03836793944,-2.062959219,0.04227321317,-1434664.924,0.01195554431,0.2556111593,-1434664.851,0.0131145238,0.2842891779
385,"mobley_1046331",-3.82,-5.45706759,0.03023039175,-3.951067141,0.3138873731,-262252.7612,0.2871405486,0.4130785062,-262254.2672,0.1231329028,1.158305801
386,"mobley_6309289",-5.11,-3.024279008,0.0277908474,-3.244259313,0.03072262035,-157011.829,0.008824748677,0.1484440049,-157011.6091,0.009678430277,0.1568244176
387,"mobley_1144156",-1.59,-0.4288979919,0.02596776262,-0.40929484,0.02816211636,-145624.0362,0.008829259629,0.1733467952,-145624.0558,0.006389387834,0.1381815051
388,"mobley_296847",-4.69,-3.747477381,0.02552575208,-3.698791227,0.02830546399,-154724.1489,0.008477347505,0.156383469,-154724.1976,0.00881872166,0.1550169327
389,"mobley_4375719",3.13,3.334121831,0.03416363501,3.426546687,0.06333670481,-221293.0762,0.04114646534,0.5550643913,-221293.1687,0.0339315872,0.5043474291
390,"mobley_7261305",-9.3,-7.172151215,0.02246214729,-7.719737926,0.03258523448,-69761.61829,0.01429413613,0.2693276367,-69761.0707,0.01878635455,0.6136782265
391,"mobley_8861672",-4.86,-3.533114796,0.02977440622,-3.503138312,0.03210362375,-203714.6073,0.008526911918,0.1407737964,-203714.6372,0.008450986045,0.1434286666
392,"mobley_3083321",-2.93,-2.88689262,0.02629557862,-2.790510987,0.03376131319,-167989.8101,0.01848561943,0.3252271138,-167989.9065,0.01032718199,0.2315572187
393,"mobley_9510785",-3.48,-1.972457456,0.03852497253,-1.969366964,0.04201073642,-1434658.168,0.01158501987,0.2421974457,-1434658.171,0.01210437031,0.2437567834
394,"mobley_7912193",-8.72,-9.007365825,0.04193479345,-8.784427321,0.05540701052,-407147.3593,0.02626138189,0.3983443776,-407147.5823,0.02493490996,0.3514949746
395,"mobley_7375018",-2.15,-1.925177231,0.04144026391,-1.808067612,0.1319532262,-316412.8663,0.1141280456,0.7331596817,-316412.9834,0.0516637942,0.6134631582
396,"mobley_3274817",-6.23,-6.013583233,0.04369478931,-4.265200578,0.09138969022,-544648.4623,0.07705359958,1.651775836,-544650.2106,0.02248518751,0.4499992171
397,"mobley_4639255",-9.3,-7.993309314,0.03268394751,-8.645320919,0.04783553227,-143504.7937,0.02951976237,0.4974805912,-143504.1417,0.01867033346,0.2590159822
398,"mobley_6248915",-3.65,-1.976232557,0.03654932156,-2.503803828,0.06122289429,-231276.6791,0.03384983284,0.5101324495,-231276.1515,0.03558902493,0.5068725241
399,"mobley_1855337",-1.62,-0.2196362795,0.03040041177,-0.3109284096,0.03256817876,-1290639.428,0.007312140838,0.1597786645,-1290639.337,0.009112289959,0.1983586855
400,"mobley_6632459",-3.43,-2.884535958,0.02366078731,-2.752148969,0.03412274813,-120372.6782,0.01605527422,0.2685163713,-120372.8106,0.01862141922,0.3083057866
401,"mobley_1261349",2.51,2.580000678,0.02478727349,2.639198618,0.02795669168,-123266.4514,0.009512999913,0.14912687,-123266.5105,0.008756170107,0.1488139586
402,"mobley_8436428",2.83,2.869758344,0.02934180014,2.942860525,0.03369073536,-172281.6619,0.01140339775,0.18272244,-172281.735,0.01200362167,0.1830309729
403,"mobley_3775790",-2.89,-2.157741029,0.02596037531,-2.287545747,0.03043206591,-155498.9174,0.01048263981,0.2193553983,-155498.7876,0.01192827784,0.2428405286
404,"mobley_5449201",2.3,2.739231776,0.02526474695,2.756117705,0.03268751548,-123269.8287,0.01526665124,0.3190175257,-123269.8455,0.01403907367,0.2906898051
405,"mobley_9478823",-0.9,-0.882361532,0.02882821688,-0.9127010687,0.03088295955,-193757.8923,0.006777163254,0.1487481351,-193757.862,0.00876134466,0.1719154818
406,"mobley_1034539",-3.04,-1.776642124,0.04039820994,-1.851043669,0.04432241485,-2007606.35,0.01383207926,0.3106481226,-2007606.275,0.01188001159,0.2584640103
407,"mobley_2364370",-2.64,-2.98642209,0.03308622632,-2.807814939,0.04192151397,-240762.6759,0.01874401993,0.363783713,-240762.8546,0.01764586859,0.34236124
408,"mobley_4893032",-3.52,-2.167861211,0.02791187108,-2.066781829,0.06903293415,-156245.8754,0.04055259773,0.5935848104,-156245.9765,0.04839380402,0.6294150823
409,"mobley_1881249",-3.52,-2.7860244,0.02933087141,-2.729437587,0.04721366806,-169378.3731,0.02767244056,0.4495051301,-169378.4297,0.02455741167,0.3967458007
410,"mobley_6896128",2.97,3.085703991,0.03176026011,3.20151555,0.03714073057,-196788.6025,0.01420183319,0.2760053786,-196788.7183,0.01300106454,0.2718588908
411,"mobley_2725802",-9.8,-7.036392924,0.03181767759,-6.87612116,0.0336411228,-227633.433,0.007157656836,0.1583491148,-227633.5933,0.008253998073,0.1825705356
412,"mobley_7360181",-0.8,-2.402202358,0.03423944152,-2.875650266,0.05114069457,-449487.2106,0.03602795334,0.373807978,-449486.7372,0.01204233627,0.2527542855
413,"mobley_6733657",-3.44,-3.391020175,0.04148688957,-2.878167418,0.05346921766,-2534589.634,0.02646667191,0.4381931154,-2534590.147,0.02091197048,0.3356043391
414,"mobley_2005792",-2.7,-3.513742711,0.03469314271,-3.317566556,0.04024802712,-288761.8087,0.01578106922,0.2582323598,-288762.0049,0.01293241625,0.2178915904
415,"mobley_2008055",1.83,2.519019695,0.01806590455,2.569384972,0.02128764205,-49753.04672,0.007205829593,0.1216690956,-49753.09709,0.008652330126,0.1408597831
416,"mobley_5690766",1.01,2.442101095,0.02712222684,2.354796614,0.04493919539,-146222.8329,0.02707302101,0.4094443719,-146222.7456,0.0234726996,0.3761312525
417,"mobley_9733743",-4.24,-2.510472971,0.02815354235,-3.018832584,0.0512208543,-133253.5445,0.02715401987,0.343478051,-133253.0361,0.0330698227,0.3985995854
418,"mobley_1944394",-9.34,-7.580423411,0.05331764683,-8.809338722,0.1021611763,-492657.7338,0.08092974884,0.9513161114,-492656.5049,0.03231888344,0.4972727464
419,"mobley_8827942",-4.05,-3.934162253,0.03782623251,-4.073783019,0.04118563995,-1241205.42,0.01126048479,0.2347698527,-1241205.281,0.01177431759,0.2396065392
420,"mobley_4934872",-5.23,-5.368849049,0.04238879757,-7.722249768,0.2410519157,-407872.6546,0.2348474536,0.9945829859,-407870.3012,0.03399837389,0.5276032556
421,"mobley_2613240",-5.33,-3.776593165,0.03343230238,-4.621494372,0.04731738367,-287504.1347,0.01743210124,0.4504015822,-287503.2898,0.02858912033,0.3739931422
422,"mobley_7298388",-3.45,-3.305672243,0.03046320982,-3.190186715,0.03388545158,-296765.7358,0.01026066595,0.1739990779,-296765.8513,0.01072079338,0.1860893398
423,"mobley_3762186",-1.31,-0.05641730002,0.01932250423,-0.007460511174,0.02107695059,-598193.14,0.005909109629,0.135061892,-598193.1889,0.005996757437,0.1420657185
424,"mobley_6714389",-4.55,-3.058617435,0.019867615,-3.733897231,0.02229436944,-59741.36951,0.007486476617,0.1578802611,-59740.69423,0.006802165159,0.1358649644
425,"mobley_5326154",-3.45,-4.068566455,0.03166852795,-4.666373813,0.03519350188,-228239.8331,0.01068694601,0.2349165909,-228239.2353,0.01102161953,0.2420756599
426,"mobley_5494918",2.93,2.419343048,0.02417677924,2.149439001,0.0442338822,-444539.5951,0.02583742173,0.502158866,-444539.3252,0.02654331024,0.4896626416
427,"mobley_9197172",1.92,2.954991487,0.03136702279,2.961795047,0.0528278054,-196010.2812,0.03169206646,0.4464059996,-196010.288,0.02832842792,0.4532114749
428,"mobley_2493732",0.25,1.138916298,0.02119959743,1.022753358,0.02316876966,-621919.395,0.006763535057,0.1588954077,-621919.2789,0.006451631577,0.1513492999
429,"mobley_8426916",-4.07,-2.131287781,0.02739074852,-2.655411199,0.03178723683,-133242.6723,0.01127308644,0.2283727376,-133242.1481,0.01153658713,0.2210795429
430,"mobley_7227357",-4.35,-2.932308964,0.0297972761,-3.059427803,0.03984932331,-170138.0886,0.01859201391,0.3570443217,-170137.9615,0.01882625624,0.3390835307
431,"mobley_4371692",-9.53,-11.75587314,0.04930964909,-11.96740409,0.05539854914,-510648.1185,0.02133944774,0.8472701256,-510647.907,0.01349761915,0.2351753457
432,"mobley_8705848",-3.22,-1.156093323,0.03073911562,-1.829319175,0.03456895189,-182236.587,0.01240180689,0.2043111669,-182235.9138,0.009813989558,0.1626996784
433,"mobley_2859600",-1.24,-1.287711457,0.02883466598,-1.241953712,0.03187896273,-192985.4367,0.008298851394,0.1820071552,-192985.4825,0.01076844317,0.2301659724
434,"mobley_4177472",2.56,2.697970564,0.03184996655,2.630743966,0.03558337356,-196791.4758,0.01277329646,0.2383484199,-196791.4085,0.009412704302,0.1966830006
435,"mobley_8207196",-10.22,-11.40759993,0.04592453759,-11.68639025,0.1199998116,-627809.0737,0.1005647864,1.07627555,-627808.7949,0.04666492654,0.7118220873
436,"mobley_6082662",-9.82,-9.590006207,0.03187185914,-10.35927103,0.03521451076,-306716.2437,0.0114641262,0.2535364171,-306715.4745,0.009634322679,0.2121052419
437,"mobley_7015518",-1.91,-0.6712329454,0.02058276836,-0.6971575713,0.02595956685,-96615.82597,0.008209995871,0.1444266288,-96615.80004,0.01352200894,0.2335507907
438,"mobley_5026370",-6.02,-6.075447321,0.02827872342,-6.031391124,0.02977263985,-212202.5904,0.006141149617,0.1391297641,-212202.6344,0.007000726127,0.155206256
439,"mobley_2183616",-0.45,-0.394097805,0.03290038527,-0.4330906075,0.03815730947,-242769.6685,0.0152950383,0.2407276014,-242769.6295,0.01181552871,0.2282533516
440,"mobley_2068538",2,2.531890729,0.02042311698,2.589814745,0.02289907989,-74258.13384,0.00701842653,0.1178004486,-74258.19176,0.007616156618,0.1228054311
441,"mobley_8578590",-9.28,-7.08150131,0.02642309759,-7.564902551,0.03077235126,-344768.7599,0.009376803284,0.204741228,-344768.2765,0.01268199811,0.2628839281
442,"mobley_2725215",-7.98,-11.99719596,0.05167353361,-11.2989236,0.1586812917,-947628.3439,0.1261272757,0.941686921,-947629.0422,0.08124966814,0.702648065
443,"mobley_3183805",-0.86,-0.7907466595,0.03181875115,-0.8289164401,0.03441550128,-218261.328,0.009140521398,0.1545847474,-218261.2899,0.009404502788,0.1595926402
444,"mobley_63712",-3.88,-2.941459869,0.02973954046,-3.635209157,0.03402674772,-181515.725,0.01057656413,0.1800878584,-181515.0312,0.01270887817,0.2402674299
445,"mobley_6843802",-1.29,-3.276417787,0.03842367784,-2.705461778,0.08257900395,-426181.6966,0.06522755364,1.330490508,-426182.2676,0.03298907577,0.8392350489
446,"mobley_1717215",-2.78,-4.435304867,0.02608070477,-3.871382835,0.04514030909,-142750.9896,0.03564464051,1.021871633,-142751.5535,0.0093222286,0.1706266695
447,"mobley_8427539",-9.4,-8.501708119,0.02810693086,-8.813491794,0.03778681769,-154843.3155,0.01851700195,0.3266364205,-154843.0037,0.01717453543,0.2793985853
448,"mobley_1278715",-0.64,0.9801954094,0.02863240225,0.8962350218,0.04181810938,-1768568.35,0.01833002287,0.3305247094,-1768568.266,0.02435056622,0.4261947094
449,"mobley_9671033",-3.34,-1.690749485,0.02542442294,-1.808541649,0.05341088155,-201759.2987,0.03203140072,0.7111534207,-201759.1809,0.03435564515,0.6941309796
450,"mobley_1728386",-11,-10.35271204,0.03297209183,-10.42406684,0.03964710395,-249854.6608,0.01654834794,0.263280337,-249854.5894,0.0145219211,0.230076633
451,"mobley_3546460",-4.4,-3.060138641,0.03222218247,-3.002928212,0.0632798417,-194643.9068,0.03783703754,0.4407104674,-194643.9641,0.03917177443,0.4973243375
452,"mobley_1650157",-4.47,-3.627591474,0.02754746704,-3.565654285,0.0291391814,-145619.1289,0.0068461585,0.1462293575,-145619.1908,0.00658476013,0.142133247
453,"mobley_252413",2.88,2.791843231,0.02956633277,2.845759479,0.03362280378,-172280.3679,0.01184976996,0.1986663072,-172280.4218,0.01076605092,0.1864256497
454,"mobley_4483973",-0.8,-0.1881680854,0.02488170836,-0.2323300191,0.02709629716,-206590.1808,0.007285130081,0.1613865097,-206590.1366,0.007876343593,0.173179827
455,"mobley_3982371",-3.13,-3.565896397,0.02550808303,-3.426061227,0.02728381833,-167243.1812,0.007432171951,0.2636110784,-167243.321,0.006205422056,0.1442641066
456,"mobley_7676709",-4.51,-3.92371802,0.03559726654,-4.049387348,0.04122012254,-290398.9394,0.01264855293,0.2025158029,-290398.8138,0.01649082247,0.2623642838
457,"mobley_6981465",-2.64,-2.191534286,0.03097407502,-2.086541993,0.03380027495,-216252.9768,0.009516627339,0.2387506362,-216253.0818,0.009617643563,0.1615512465
458,"mobley_8467917",1.68,2.700458924,0.02966272034,2.647613222,0.05389401016,-171508.7408,0.03698845354,0.5071958054,-171508.688,0.02562306886,0.4483706778
459,"mobley_1896013",-20.52,-15.86205372,0.04791142443,-18.86906772,0.2398997074,-356921.7581,0.1215775063,1.220710338,-356918.7511,0.2011846788,0.8442950186
460,"mobley_5263791",-2.4,-3.186703143,0.03507277025,-3.093652983,0.05535760795,-289521.9807,0.03027752164,0.2746335042,-289522.0738,0.0302925276,0.3128878476
461,"mobley_8124669",-8.21,-6.041856134,0.04659633607,-5.127349921,0.1132325732,-754741.043,0.09525129511,0.8913653787,-754741.9576,0.0397188606,0.5902375535
462,"mobley_6688723",-6.44,-6.575922781,0.03770084812,-6.743319196,0.04195208463,-907332.872,0.01595748506,0.3539043555,-907332.7047,0.009164176257,0.1975756818
463,"mobley_3210206",-4.95,-5.05606933,0.04610711869,-7.848750439,0.8172643004,-422977.5049,0.5620070679,2.266298244,-422974.7122,0.591559909,1.46525626
464,"mobley_7364468",-5.18,-3.948489117,0.0341255415,-3.842940836,0.03720897823,-265880.907,0.01042769836,0.1679306492,-265881.0125,0.01054602223,0.1733643827
465,"mobley_8713762",-4.13,-4.312021666,0.04405275168,-3.36365447,0.1755419038,-574602.0062,0.1006227155,1.320777635,-574602.9545,0.1369283907,0.9761847352
466,"mobley_5561855",-1.96,-1.207354049,0.04003543811,-1.313893811,0.04620633504,-1721131.176,0.01517447637,0.2570641261,-1721131.069,0.01737597077,0.2691713487
467,"mobley_2354112",-6.25,-5.791803964,0.03335611203,-6.1136264,0.05084949145,-240613.394,0.02505506085,0.4519697045,-240613.0722,0.02907377678,0.3288864125
468,"mobley_8882696",-3.47,-1.806683256,0.02474552268,-1.748772255,0.02702339667,-144886.4131,0.007908012136,0.1762388097,-144886.471,0.007442205243,0.1704647023
469,"mobley_628086",-4.16,-3.849743864,0.0304302196,-4.561587434,0.03873094559,-306711.2249,0.02156796234,0.4726386264,-306710.5131,0.01043603765,0.2345305654
470,"mobley_5072416",-6.12,-6.903589919,0.03164771807,-7.581918557,0.03573776184,-250615.2151,0.01227647353,0.2685758243,-250614.5367,0.01117576666,0.2373369464
471,"mobley_2143011",1.83,2.50713424,0.02464165798,2.453787602,0.02946557549,-122490.6773,0.01259926403,0.2401895112,-122490.6239,0.0101127334,0.2014730297
472,"mobley_3968043",-4.7,-3.418688214,0.02751734754,-3.145292866,0.02989201792,-168640.3159,0.008146262016,0.1814403488,-168640.5893,0.008364612055,0.1976165567
473,"mobley_6929123",-4,-3.481093367,0.02757840931,-3.590439082,0.04725629217,-453727.381,0.01920634217,0.3823575141,-453727.2716,0.03322205458,0.3845690695
474,"mobley_900088",0.4,1.640475413,0.02631353341,1.539289751,0.03317863727,-146221.9252,0.0138998774,0.507894317,-146221.824,0.0146701513,0.3255559705
475,"mobley_9029594",-0.22,0.9926450042,0.01676086295,0.9958772878,0.0180075456,-87082.76492,0.005100616358,0.09103712965,-87082.76815,0.004162797689,0.07475592643
476,"mobley_4845722",-2.33,0.04230390511,0.03291044842,-0.1636171672,0.04106850209,-1863582.014,0.01370559161,0.2310119351,-1863581.808,0.0203882566,0.2852199746
477,"mobley_7295828",-2.45,-2.432486769,0.02890960877,-2.517731913,0.0324705197,-216116.3152,0.009165459364,0.2011611824,-216116.23,0.01160015192,0.2563135457
478,"mobley_4699732",-1.27,0.2158422043,0.02706485564,0.2604368153,0.02922056635,-647210.13,0.007456032446,0.1293759478,-647210.1746,0.008108185203,0.1361637539
479,"mobley_1977493",-0.33,0.895129537,0.02282550498,0.9494137092,0.02432197649,-360735.6422,0.006328991807,0.139183481,-360735.6965,0.005522565099,0.1212997331
480,"mobley_4694328",-2.29,-2.219630406,0.0347852516,-2.168695753,0.09733081424,-242899.92,0.07783822513,0.6448817156,-242899.971,0.04695193691,0.5530135312
481,"mobley_5538249",-2.16,-1.80646183,0.03719900058,-1.731917216,0.04098603783,-1148183.703,0.01324183366,0.2740823974,-1148183.778,0.01098833444,0.235070098
482,"mobley_8311321",-0.5,-0.004876551575,0.01948995529,-0.04031021843,0.02262627009,-435410.7414,0.007794582339,0.186571081,-435410.706,0.008445959214,0.2102606765
483,"mobley_430089",0.01,0.5741135609,0.02524855712,0.4612220485,0.05522950023,-121704.9728,0.03459588157,0.5107187384,-121704.8599,0.03487023139,0.4595595002
484,"mobley_5003962",-11.53,-14.29828711,0.04195346657,-14.80615753,0.04522787045,-463789.5397,0.01331585971,0.2866432153,-463789.0319,0.01039974941,0.2229724034
485,"mobley_1469079",-3.56,-3.894826557,0.03623449315,-4.01560556,0.04420037748,-954705.004,0.01398653962,0.233258778,-954704.8832,0.02109766776,0.2781911797
486,"mobley_9821936",-4.53,-2.932190767,0.04319574876,-3.193259899,0.04808082287,-2673561.653,0.01397910414,0.2828809259,-2673561.392,0.01582647983,0.3266210068
487,"mobley_9624458",-1.89,-0.4965072754,0.02644213166,-0.438579066,0.02820025515,-647209.9417,0.007108920048,0.1665765616,-647209.9996,0.006747689951,0.1439216488
488,"mobley_2784376",0.75,2.105315753,0.01916282983,2.041849005,0.02095826977,-73508.02403,0.005665795411,0.1262283885,-73507.96056,0.006319318574,0.1423198473
489,"mobley_7415647",-11.95,-9.791558027,0.0377223639,-9.531459372,0.04065574808,-426411.8457,0.01128710746,0.2378602544,-426412.1058,0.01012493553,0.2157079114
490,"mobley_8052240",-9.44,-12.77521709,0.04089302089,-13.22745805,0.04951526129,-463774.208,0.02344319354,0.3041522116,-463773.7557,0.0151637271,0.2398840017
491,"mobley_3105103",-11.14,-13.63276491,0.04131674766,-13.71329455,0.05032432204,-667383.5285,0.02605364101,0.4892294277,-667383.4479,0.01211080267,0.2675877323
492,"mobley_5890803",-2.44,-2.478506181,0.03254366086,-2.280594592,0.03941334515,-240773.8825,0.01662473036,0.2752052795,-240774.0804,0.01476279967,0.2320500263
493,"mobley_337666",-16.92,-16.16984629,0.03350154653,-16.27515043,0.03735877025,-320235.8614,0.009843131618,0.2241079627,-320235.7561,0.01328295353,0.3081052098
494,"mobley_9114381",-6.72,-6.048711514,0.02820119596,-6.56276741,0.04648817979,-224709.1438,0.02892800434,0.5169608812,-224708.6298,0.02300030374,0.3554394828
495,"mobley_4252724",0.16,-0.2405981062,0.03289449118,-0.2463337628,0.03722745939,-242769.1351,0.01426747857,0.2721145105,-242769.1294,0.01001375246,0.2073463162
496,"mobley_9246215",0.93,2.344468779,0.02441268534,2.215175941,0.03509631211,-121718.2666,0.0195918053,0.2988637653,-121718.1373,0.01587240006,0.2487389913
497,"mobley_4013838",-2.74,-2.538905132,0.03243677991,-2.468347614,0.03644905194,-218411.2458,0.01180542715,0.2706468937,-218411.3163,0.01170557928,0.265237268
498,"mobley_349850",-4.7,-5.122408165,0.03317854375,-4.994905063,0.03483258035,-264384.4618,0.007199334734,0.1566937833,-264384.5893,0.007788611409,0.1654044965
499,"mobley_5948990",-7.37,-9.218719942,0.03197058631,-9.274326432,0.03723360382,-306707.7203,0.0144753391,0.3341260521,-306707.6647,0.01243733985,0.2810183866
500,"mobley_7203421",-9.31,-7.868180884,0.03502726147,-7.889996291,0.08046612202,-228361.4944,0.05152778639,0.6567001028,-228361.4726,0.05091929865,0.6314064529
501,"mobley_2294995",-2.56,-3.794545643,0.02923530581,-1.740537318,0.03273792992,-167256.5729,0.01151159705,0.1998124265,-167258.6269,0.009195220638,0.1643281196
502,"mobley_6198745",-8.84,-12.17121435,0.06480516816,-12.13790784,0.1242405894,-500264.5534,0.06490871876,0.8009102512,-500264.5867,0.08380258028,0.824414345
503,"mobley_1952272",-4.02,-2.369684884,0.02011384762,-2.273700734,0.02332272264,-152736.4614,0.008082801755,0.1524960442,-152736.5573,0.008605279834,0.1615695818
504,"mobley_2146331",-2.75,-2.968162381,0.01795516158,-2.782372686,0.027360321,-71353.06563,0.0134679187,0.2717990076,-71353.25142,0.01564654926,0.341805908
505,"mobley_5952846",0.1,1.244602236,0.02464613455,1.069053839,0.02948108401,-1194865.859,0.01162264454,0.2030482749,-1194865.684,0.01125239975,0.2061995444
506,"mobley_8522124",0.71,0.9544334387,0.03074744296,1.040685019,0.05059824669,-195222.2684,0.03038699849,0.5550019482,-195222.3546,0.02629463144,0.5363554147
507,"mobley_8746821",-4.82,-3.49475144,0.02947825237,-3.485958421,0.03120179504,-203733.82,0.006816199044,0.1505498205,-203733.8288,0.007623915125,0.1579619778
508,"mobley_4620651",-4.1,-3.358393703,0.02851060511,-3.335716837,0.06598084435,-215524.5781,0.04151859735,1.150399736,-215524.6008,0.04262421016,1.1088014
509,"mobley_3452749",-1.21,-1.032764855,0.03104423561,-1.126088273,0.03428862768,-218263.6933,0.01046950616,0.1712625865,-218263.6,0.01011705809,0.1701743475
510,"mobley_1520842",-4.93,-3.635826196,0.02813261926,-3.6180578,0.02948869995,-179220.3807,0.00610301174,0.1453061046,-179220.3985,0.006394717053,0.1411255619
511,"mobley_2371092",-5.22,-3.425906268,0.02918374526,-3.429053381,0.03059519617,-203736.4759,0.00615741608,0.1380874147,-203736.4727,0.00681625034,0.1487339241
512,"mobley_5347550",-1.12,-0.6380653781,0.03035120208,-0.6585348636,0.03800626411,-817776.0542,0.01617448448,0.2931962623,-817776.0338,0.01617611498,0.2825988227
513,"mobley_3259411",-13.43,-11.2753898,0.0536092035,-12.61695865,0.1245992005,-214890.9005,0.1098263561,0.8670510149,-214889.5589,0.02427314498,0.6140729826
514,"mobley_7893124",-0.44,-0.8401582591,0.03286063997,-0.8980896297,0.03492430904,-242766.7786,0.008282748747,0.1793765592,-242766.7206,0.008442853536,0.1801934903
515,"mobley_5857",-5.72,-5.281016346,0.03146549406,-5.100751517,0.03380941014,-250488.5886,0.008198552898,0.1866238298,-250488.7689,0.00926189114,0.200261382
516,"mobley_8221999",-3.64,-2.302742548,0.02533111514,-2.345695748,0.04943564238,-131740.1454,0.0292635896,0.4999122857,-131740.1024,0.03075483161,0.4660430493
517,"mobley_7009711",-6.27,-5.919357403,0.03298980647,-5.859554617,0.03614894097,-240608.3264,0.009876359351,0.17126473,-240608.3862,0.01099436801,0.1852480142
518,"mobley_303222",1.32,2.294755751,0.01961056914,2.246189294,0.02081120867,-73483.46927,0.004769519428,0.1059139833,-73483.4207,0.005077762181,0.1143023504
519,"mobley_9073553",-1.61,0.6656869645,0.02182649896,0.6188994685,0.02352353367,-297946.2929,0.00670646695,0.1109836522,-297946.2461,0.00565542928,0.09423085741
520,"mobley_1708457",-10.08,-11.30473228,0.03050279773,-9.754923191,0.03323698496,-391584.2464,0.009815176606,0.2189463334,-391585.7963,0.008828295883,0.1965476084
521,"mobley_2410897",-4.5,-2.77648266,0.0226457928,-3.446567227,0.02948046183,-84240.35395,0.01479513423,0.2486170399,-84239.68387,0.01172048215,0.1884776607
522,"mobley_5456566",-2.98,0.06754191887,0.04516351811,-0.2128369594,0.05486217476,-3153489.956,0.02214379289,0.352150487,-3153489.675,0.02190359075,0.3759586884
523,"mobley_2523689",-16.43,-15.47852897,0.04065459363,-16.45814793,0.04563315952,-676627.1575,0.01837916371,0.3145480331,-676626.1778,0.009581002375,0.2008000533
524,"mobley_3323117",-8.61,-10.67382863,0.03066998111,-9.673463143,0.03690645648,-439917.1736,0.01186623452,0.205355337,-439918.174,0.01675205262,0.2599198
525,"mobley_1827204",-2.81,-2.589929416,0.03164546385,-2.560727521,0.05812735699,-193887.5097,0.03818369793,0.6211878847,-193887.5389,0.03032094096,0.531539786
526,"mobley_7688753",-9.52,-10.43084039,0.03242651554,-10.37890068,0.03783428537,-262247.6085,0.01249392241,0.2678676807,-262247.6605,0.01496182283,0.2874985664
527,"mobley_3663158",-8.11,-8.358089908,0.03383889581,-8.491551773,0.06443907059,-287366.738,0.03113342729,0.6956876258,-287366.6045,0.04514457502,0.6011850585
528,"mobley_8966374",-5.51,-6.306590208,0.02878400249,-6.126166192,0.02988578248,-189287.8637,0.005613815486,0.1288569698,-189288.0442,0.00575554258,0.1302197137
529,"mobley_852937",-6.19,-5.50907536,0.02839751577,-5.452359382,0.03263991996,-253451.9681,0.009454171328,0.1651809285,-253452.0248,0.01302167874,0.21201905
530,"mobley_1244778",-5.48,-4.241572011,0.03244640024,-4.341368606,0.04303259242,-218407.8663,0.01930162734,0.3452870793,-218407.7665,0.02065144798,0.4623285182
531,"mobley_2422586",-1.66,-0.3795365083,0.02646360961,-0.3689390695,0.03143966841,-145627.6457,0.01285159,0.2716481489,-145627.6563,0.0110890374,0.2425179896
532,"mobley_7455579",-2.22,-3.87918024,0.03420911289,-2.174130419,0.0641192789,-216270.8437,0.05262356899,0.3161231433,-216272.5487,0.01310643002,0.2246673398
533,"mobley_1923244",2.1,2.655619256,0.02354332872,2.723020218,0.02846692399,-98764.03961,0.01138998944,0.2353408219,-98764.10701,0.01124035473,0.2338318333
534,"mobley_2099370",-10.78,-13.39666042,0.04651725888,-13.46951069,0.06217650906,-525913.5058,0.03448815526,0.5661127198,-525913.4329,0.02264133504,0.3861353258
535,"mobley_4792268",-6.16,-6.125964248,0.03265808691,-6.352538409,0.08008265095,-216247.1617,0.05852834276,0.716497276,-216246.9352,0.04383050805,0.5822310746
536,"mobley_1328465",-1.99,-0.1166977759,0.02432799863,-0.04288836122,0.02669382739,-909172.9856,0.007623981668,0.1729126541,-909173.0594,0.007910992814,0.1859280065
537,"mobley_6359135",0.08,1.245911017,0.0227743896,1.198572431,0.03139919425,-1171124.761,0.01444916386,0.2715339867,-1171124.713,0.01607663651,0.298997039
538,"mobley_1723043",3.43,2.419926716,0.02681868597,2.360890113,0.04391896699,-592817.1794,0.01849816401,0.3294370683,-592817.1204,0.02945253253,0.3836493689
539,"mobley_1803862",2.38,2.619570347,0.02539003271,2.678346819,0.02830553491,-123269.8603,0.008901643627,0.1489654056,-123269.9191,0.008792626804,0.1415912837
540,"mobley_3359593",-5.26,-4.498239695,0.04687697261,-4.386494806,0.05316859813,-336511.5228,0.01871647306,0.3906708966,-336511.6346,0.01670757021,0.3520940915
541,"mobley_9705941",-1.38,-0.2268599414,0.02583652818,-0.2584048639,0.0284967931,-369191.6497,0.007722434011,0.1654336769,-369191.6181,0.009214393156,0.1918688098
542,"mobley_590519",-1.64,-1.014193885,0.02930101017,-0.9833545085,0.07355817038,-595149.3418,0.04392447638,0.6288878508,-595149.3727,0.05121421295,0.6576425095
543,"mobley_4884177",-4.59,-3.12795085,0.02974909284,-3.062491628,0.03283439763,-203741.6666,0.00998562576,0.1960043805,-203741.7321,0.009663147565,0.2014299129
544,"mobley_9838013",-4.43,-3.268836227,0.02986829468,-3.333920504,0.03994567136,-170128.7869,0.01919598932,0.2954118058,-170128.7218,0.01830452479,0.2900656109
545,"mobley_1231151",-0.25,0.7875871443,0.02284665303,0.8336257951,0.02490218393,-360733.6401,0.006516267643,0.1085884872,-360733.6862,0.007462403497,0.1254773266
546,"mobley_1449384",-0.68,-0.5249216758,0.03334822339,-0.5315893865,0.03785656991,-242765.7842,0.01255200733,0.199255465,-242765.7775,0.01278526473,0.2040964833
547,"mobley_7829570",-3.51,-2.138222261,0.04605917694,-2.545730129,0.1486899696,-791321.0179,0.1255626428,0.8159004202,-791320.6104,0.06497139367,0.6636817223
548,"mobley_859464",-2.36,-2.904594468,0.03269568361,-2.843559919,0.03678610697,-240764.3585,0.0112107456,0.2504893129,-240764.4195,0.01259083486,0.2734569894
549,"mobley_4043987",2.93,2.964673593,0.03100317216,3.109426566,0.039745621,-172281.4236,0.01808099584,0.2777032148,-172281.5683,0.01707616156,0.2738606473
550,"mobley_9942801",-0.95,-0.6021467703,0.03076339371,-0.6269432178,0.03495622158,-218261.0218,0.01268683067,0.1982883282,-218260.997,0.01070492233,0.1725624826
551,"mobley_5760563",-5.1,-7.29572828,0.03083813065,-7.466938558,0.03998406832,-485370.2833,0.01732042441,0.3587234582,-485370.1121,0.01864774292,0.4566744457
552,"mobley_8723116",-5.9,-5.722894138,0.02922137754,-6.527574665,0.03431221009,-465693.2088,0.01308246973,0.2216095986,-465692.4041,0.01234049599,0.18894293
553,"mobley_1755375",-5.26,-4.819879106,0.03175906197,-4.847116619,0.03462738022,-240627.6743,0.009778195522,0.1615914875,-240627.6471,0.009736751819,0.1636538631
554,"mobley_7157427",0.29,1.478999168,0.03195103839,1.528322872,0.05255422756,-458758.8826,0.02936787027,0.4551949479,-458758.9319,0.02964129174,0.4265576565
555,"mobley_1178614",-4.55,-4.379197727,0.03280347895,-4.136114573,0.03925349892,-478092.1054,0.01854929406,0.289048761,-478092.3484,0.01098602005,0.1937600929
556,"mobley_2958326",-3.65,-1.55830625,0.03439623837,-1.88882961,0.04743665773,-182256.9174,0.0242692863,0.4325328743,-182256.5869,0.02186634457,0.4120669304
557,"mobley_2481002",-1.45,-0.211298082,0.02446598995,-0.3634685291,0.03009914587,-1012151.263,0.01188881448,0.2175643738,-1012151.111,0.01288526321,0.238697585
558,"mobley_8809190",-0.4,-0.3429978195,0.03297825277,-0.2595421233,0.05409423066,-242769.2993,0.02659751083,0.3748337678,-242769.3827,0.03363321354,0.4220601075
559,"mobley_7913234",-5.73,-3.9154603,0.04187386019,-4.19514427,0.08098991959,-266025.264,0.06056236098,0.5856950156,-266024.9843,0.03373643938,0.4014240349
560,"mobley_2792521",-3.68,-2.901955153,0.03038118269,-2.947208878,0.07689715643,-193115.4622,0.06112883801,0.6061940523,-193115.417,0.03540369427,0.5587030315
561,"mobley_3727287",-6.5,-6.808796717,0.02866263649,-6.650243909,0.03133273702,-237726.8225,0.007939701804,0.1822613101,-237726.981,0.009856714155,0.2184206304
562,"mobley_3370989",-0.11,0.2910296904,0.02102087328,0.2618969947,0.02246009436,-173439.9119,0.005106442227,0.1161622537,-173439.8828,0.00604176902,0.1431746079
563,"mobley_1017962",-2.49,-2.909736715,0.03561942701,-2.515870513,0.07192712135,-265276.2015,0.04851104447,0.6279987573,-265276.5954,0.03938839638,0.6999690621
564,"mobley_7988076",-8.83,-10.56750106,0.03272435735,-10.42704537,0.03718005453,-262232.6292,0.01196072335,0.2577805261,-262232.7697,0.01297744149,0.2775318642
565,"mobley_3968739",-3.92,-4.405373773,0.03218683665,-4.170264764,0.03549289993,-286775.5478,0.009861257352,0.1691351193,-286775.7829,0.01124762622,0.1869668412
566,"mobley_2609604",2.56,2.550799241,0.02913681729,2.580213731,0.03312605122,-172282.7745,0.008931505549,0.1846763199,-172282.8039,0.01298496654,0.2376637177
567,"mobley_5732611",-10.27,-8.058372255,0.02732164967,-8.049133776,0.03185045063,-165490.2454,0.01003132665,0.2252602807,-165490.2546,0.01293642726,0.2706555713
568,"mobley_4609460",-9.2,-10.090287,0.03691151525,-9.795662675,0.04021628081,-358127.133,0.01126279486,0.2440624603,-358127.4276,0.01131542028,0.2404265241
569,"mobley_8006582",1.2,1.739128475,0.02308676637,1.873043504,0.02475647569,-122525.1446,0.006108849592,0.1339304475,-122525.2785,0.006524282646,0.1441064534
570,"mobley_2751110",-10.64,-8.891951443,0.03309440949,-8.719911343,0.03724775285,-319111.7695,0.0101646875,0.1858110275,-319111.9416,0.01374169863,0.2255185658
571,"mobley_2198613",-0.63,0.7904837375,0.02058399635,0.8237137387,0.02157166364,-336228.75,0.004868412813,0.1090334596,-336228.7832,0.004234893529,0.09473966599
572,"mobley_2864987",-4.39,-3.111315755,0.02941654751,-3.365932474,0.04925311049,-170134.0475,0.02611246265,0.4985513265,-170133.7929,0.02964245131,0.5050493082
573,"mobley_36119",-4.09,-2.76840056,0.03608993022,-2.777081435,0.06589672414,-243655.3813,0.03475950609,0.5145842139,-243655.3726,0.04279803647,0.4985022419
574,"mobley_4291494",-4.39,-3.988000364,0.02697211425,-4.049994624,0.02870268455,-441195.8706,0.006568141544,0.1452389162,-441195.8086,0.007294427293,0.1641969354
575,"mobley_1328936",-6.88,-6.327295135,0.03451924722,-6.087809539,0.03826164213,-414286.7447,0.01196695528,0.193575816,-414286.9842,0.01136515779,0.1914872849
576,"mobley_2197088",3.16,3.519827711,0.03724131616,3.516738259,0.06208642938,-245798.8727,0.03688136566,0.5382598087,-245798.8696,0.03328023364,0.5204411408
577,"mobley_468867",-2.55,-1.226763759,0.04090914394,-1.437675266,0.04927773534,-2247350.255,0.01758063146,0.3085444015,-2247350.044,0.02111062623,0.334010702
578,"mobley_7608462",-1.12,-0.7219486647,0.02534521167,-0.7542075704,0.02740256395,-431223.6264,0.007076863833,0.158291158,-431223.5941,0.007644524472,0.164866324
579,"mobley_2681549",-0.78,-0.05323692992,0.02887214085,-0.1265925826,0.03231689055,-1004162.668,0.01053404757,0.1809443759,-1004162.594,0.009990732668,0.1736981602
580,"mobley_8127829",-0.79,-0.7054059276,0.02946616335,-0.7446324694,0.03336552619,-193757.6597,0.01074279011,0.1810304362,-193757.6205,0.01138402457,0.1859506974
581,"mobley_1963873",-10,-7.661555189,0.0276256556,-7.474368322,0.03029668601,-154850.5061,0.008438120629,0.1465641809,-154850.6933,0.009138405574,0.1703865202
582,"mobley_7735340",-9.63,-8.012558615,0.02507460713,-8.032311602,0.03273538128,-140994.1866,0.01256117855,0.2195655518,-140994.1669,0.01688449165,0.2381225593
583,"mobley_8117218",-4.82,-5.257903559,0.04246712191,-5.447476113,0.04908069854,-2056076.334,0.01620730315,0.3245649551,-2056076.144,0.01851436877,0.3812018607
584,"mobley_5973402",-4.42,-3.319502828,0.03000532635,-3.337425056,0.04845233252,-170138.0969,0.02886879769,0.5004229034,-170138.0789,0.02477703447,0.493687621
585,"mobley_8337722",-3.2,-3.705338497,0.03861488794,-3.928352402,0.04877347588,-291929.9614,0.02278927983,0.4841608329,-291929.7384,0.01919351722,0.3761140903
586,"mobley_2213823",2.51,2.730096455,0.02729518166,2.766267001,0.03096486446,-147777.095,0.009347368713,0.1559589742,-147777.1312,0.01124377994,0.1737705688
587,"mobley_8514745",-2.51,-1.981912026,0.03467186183,-1.838797219,0.05960219478,-265268.4472,0.04067870602,0.3994007664,-265268.5903,0.02637283633,0.3780703539
588,"mobley_2607611",-2.26,-2.373480755,0.03624989815,-2.219497327,0.06637459316,-289774.1374,0.050113076,0.4502227885,-289774.2914,0.02408757179,0.4005538389
